Team 1 Expected Win,Team 2 Expected Win,Team 1,Team 2,Region
0.5,0.5,Counter Logic Gaming,Team SoloMid,LCS
0.5,0.5,Immortals,Cloud9,LCS
0.5,0.5,NRG Esports,Dignitas,LCS
0.5,0.5,Renegades,Team Liquid,LCS
0.5,0.5,Echo Fox,Team Impulse,LCS
0.5,0.5,NRG Esports,Renegades,LCS
0.44268836623770724,0.5573116337622928,Dignitas,Counter Logic Gaming,LCS
0.5,0.5,Team SoloMid,Team Liquid,LCS
0.44268836623770724,0.5573116337622928,Cloud9,Echo Fox,LCS
0.5573116337622928,0.44268836623770724,Immortals,Team Impulse,LCS
0.44268836623770724,0.5573116337622928,Team Impulse,Cloud9,LCS
0.5540534394979384,0.4459465605020616,Immortals,Team SoloMid,LCS
0.5540534394979384,0.4459465605020616,Counter Logic Gaming,Team Liquid,LCS
0.5032990749619373,0.49670092503806273,Dignitas,Renegades,LCS
0.4426906886024999,0.5573093113975001,Team SoloMid,Dignitas,LCS
0.5223567076479646,0.4776432923520354,Immortals,NRG Esports,LCS
0.4490237919510895,0.5509762080489105,Cloud9,Counter Logic Gaming,LCS
0.42073789256548866,0.5792621074345113,Team Liquid,Echo Fox,LCS
0.5064079847873361,0.49359201521266394,Team Impulse,Renegades,LCS
0.5064187961074473,0.49358120389255267,Team Impulse,Dignitas,LCS
0.5034760728305407,0.49652392716945926,Team SoloMid,Cloud9,LCS
0.42071509568308646,0.5792849043169135,Team Liquid,NRG Esports,LCS
0.5272719215046691,0.47272807849533094,Counter Logic Gaming,Echo Fox,LCS
0.658754735026388,0.34124526497361196,Immortals,Renegades,LCS
0.4489918278877001,0.5510081721122999,Team Liquid,Team Impulse,LCS
0.46180473703030483,0.5381952629696951,NRG Esports,Team SoloMid,LCS
0.502954771587729,0.49704522841227095,Cloud9,Dignitas,LCS
0.6821624125525589,0.31783758744744106,Immortals,Echo Fox,LCS
0.5934068514543651,0.4065931485456349,Counter Logic Gaming,Renegades,LCS
0.5718877735663864,0.4281122264336136,Team Liquid,Dignitas,LCS
0.601585865485376,0.39841413451462404,Cloud9,Renegades,LCS
0.6026203180951688,0.3973796819048312,Immortals,Counter Logic Gaming,LCS
0.5853215694376073,0.41467843056239273,Team SoloMid,Echo Fox,LCS
0.524760079815776,0.475239920184224,NRG Esports,Team Impulse,LCS
0.6256760900618022,0.37432390993819775,Immortals,Team Liquid,LCS
0.4708710495530005,0.5291289504469995,Cloud9,NRG Esports,LCS
0.6464539128399562,0.35354608716004376,Team SoloMid,Renegades,LCS
0.5427266103542928,0.4572733896457072,Counter Logic Gaming,Team Impulse,LCS
0.5241458226027483,0.47585417739725167,Dignitas,Echo Fox,LCS
0.5099239642769788,0.49007603572302116,Echo Fox,Renegades,LCS
0.5201077344663281,0.4798922655336719,Counter Logic Gaming,NRG Esports,LCS
0.5380137730725525,0.4619862269274475,Cloud9,Team Liquid,LCS
0.5977170913460657,0.40228290865393435,Team SoloMid,Team Impulse,LCS
0.7265211834013783,0.2734788165986217,Immortals,Dignitas,LCS
0.3992172393944847,0.6007827606055153,Echo Fox,NRG Esports,LCS
0.4990463235123403,0.5009536764876596,Team SoloMid,Counter Logic Gaming,LCS
0.620186366885412,0.37981363311458805,Immortals,Cloud9,LCS
0.6576672839618197,0.3423327160381803,Team Liquid,Renegades,LCS
0.49629590756209585,0.5037040924379041,Team Impulse,Dignitas,LCS
0.5612882674295179,0.4387117325704821,NRG Esports,Dignitas,LCS
0.8421931163964017,0.1578068836035983,Immortals,Renegades,LCS
0.4609392999908569,0.5390607000091431,Cloud9,Team SoloMid,LCS
0.5875154499269968,0.4124845500730032,Counter Logic Gaming,Team Impulse,LCS
0.4187233684660791,0.5812766315339208,Echo Fox,Team Liquid,LCS
0.7319862413654474,0.26801375863455257,Counter Logic Gaming,Renegades,LCS
0.3022323880710252,0.6977676119289749,Dignitas,Team SoloMid,LCS
0.588029435316297,0.41197056468370297,Cloud9,NRG Esports,LCS
0.5028995659048922,0.49710043409510785,Echo Fox,Team Impulse,LCS
0.720946490901511,0.279053509098489,Immortals,Team Liquid,LCS
0.5574635714506796,0.4425364285493204,Team Liquid,Team Impulse,LCS
0.602729595749943,0.397270404250057,Team SoloMid,Echo Fox,LCS
0.33014677606318227,0.6698532239368178,Counter Logic Gaming,Immortals,LCS
0.6719942047829246,0.3280057952170754,NRG Esports,Renegades,LCS
0.6838123757242293,0.31618762427577074,Cloud9,Dignitas,LCS
0.4313700805635223,0.5686299194364777,Team Impulse,NRG Esports,LCS
0.48481712739429245,0.5151828726057075,Counter Logic Gaming,Cloud9,LCS
0.4238897432116769,0.5761102567883232,Team Liquid,Team SoloMid,LCS
0.401813122101021,0.598186877898979,Renegades,Dignitas,LCS
0.7477877016478228,0.2522122983521772,Immortals,Echo Fox,LCS
0.7528531234403246,0.24714687655967538,Cloud9,Renegades,LCS
0.7381468396618079,0.26185316033819206,Immortals,NRG Esports,LCS
0.41944532163050774,0.5805546783694923,Team Liquid,Counter Logic Gaming,LCS
0.6242917150280328,0.3757082849719672,Team SoloMid,Team Impulse,LCS
0.5719149163600085,0.42808508363999154,Echo Fox,Dignitas,LCS
0.662066740258821,0.33793325974117905,Cloud9,Team Impulse,LCS
0.4291579346279939,0.5708420653720061,NRG Esports,Team Liquid,LCS
0.2511305300095567,0.7488694699904432,Renegades,Team SoloMid,LCS
0.8196565461637935,0.18034345383620654,Immortals,Dignitas,LCS
0.6238194423078128,0.37618055769218717,Counter Logic Gaming,Echo Fox,LCS
0.40777905494383543,0.5922209450561646,Renegades,Team Impulse,LCS
0.6116491155095697,0.3883508844904303,Counter Logic Gaming,NRG Esports,LCS
0.6830355392864396,0.31696446071356044,Immortals,Team SoloMid,LCS
0.6587433700910864,0.3412566299089136,Team Liquid,Dignitas,LCS
0.6514513083969454,0.3485486916030546,Cloud9,Echo Fox,LCS
0.403777624560808,0.596222375439192,Renegades,Echo Fox,LCS
0.41720521488280116,0.5827947851171988,Team Liquid,Cloud9,LCS
0.8052498380715616,0.19475016192843841,Immortals,Team Impulse,LCS
0.7392553070382248,0.26074469296177516,Counter Logic Gaming,Dignitas,LCS
0.42747602224281794,0.572523977757182,NRG Esports,Team SoloMid,LCS
0.46363276136989745,0.5363672386301026,Renegades,Team Impulse,LCS
0.5692430588563537,0.43075694114364627,Cloud9,Team SoloMid,LCS
0.4066216748914987,0.5933783251085013,Team SoloMid,Cloud9,LCS
0.4399614368538765,0.5600385631461235,Team SoloMid,Cloud9,LCS
0.47193828912842345,0.5280617108715766,Team SoloMid,Cloud9,LCS
0.5594740958117819,0.44052590418821813,Team Liquid,NRG Esports,LCS
0.584302942066603,0.41569705793339695,Team Liquid,NRG Esports,LCS
0.6073485690112732,0.3926514309887268,Team Liquid,NRG Esports,LCS
0.46879916121519305,0.531200838784807,Team Liquid,Counter Logic Gaming,LCS
0.5006630533305759,0.4993369466694241,Counter Logic Gaming,Team Liquid,LCS
0.5293733380067787,0.47062666199322134,Counter Logic Gaming,Team Liquid,LCS
0.4437405963629059,0.556259403637094,Team Liquid,Counter Logic Gaming,LCS
0.5244582459626909,0.47554175403730914,Counter Logic Gaming,Team Liquid,LCS
0.3132256233429119,0.6867743766570882,Team SoloMid,Immortals,LCS
0.3482032535342921,0.651796746465708,Team SoloMid,Immortals,LCS
0.38299276378431724,0.6170072362156828,Team SoloMid,Immortals,LCS
0.6277723179255368,0.3722276820744632,Immortals,Team Liquid,LCS
0.6475712667169324,0.35242873328306756,Immortals,Team Liquid,LCS
0.6658623959004424,0.3341376040995576,Immortals,Team Liquid,LCS
0.5048824247486803,0.4951175752513197,Counter Logic Gaming,Team SoloMid,LCS
0.46666568058275054,0.5333343194172495,Team SoloMid,Counter Logic Gaming,LCS
0.5026826215645862,0.4973173784354138,Counter Logic Gaming,Team SoloMid,LCS
0.4687303260825549,0.5312696739174452,Team SoloMid,Counter Logic Gaming,LCS
0.5007281955544312,0.49927180444556885,Counter Logic Gaming,Team SoloMid,LCS
0.4705654818485816,0.5294345181514184,Team SoloMid,Counter Logic Gaming,LCS
0.5010081079382678,0.4989918920617322,Team SoloMid,Counter Logic Gaming,LCS
0.5526905011853529,0.4473094988146471,EnVyUs,NRG Esports,LCS
0.4032860217534192,0.5967139782465808,NRG Esports,EnVyUs,LCS
0.5377640783216209,0.4622359216783791,EnVyUs,NRG Esports,LCS
0.6662030695041601,0.3337969304958399,Immortals,Cloud9,LCS
0.41680552669281923,0.5831944733071808,Echo Fox,Phoenix1,LCS
0.3045834339198979,0.6954165660801022,Cloud9,Immortals,LCS
0.4747960434045512,0.5252039565954487,Echo Fox,Phoenix1,LCS
0.6330552061982141,0.3669447938017859,Immortals,Cloud9,LCS
0.5682158406036567,0.4317841593963433,Apex,NRG Esports,LCS
0.4777904281114621,0.5222095718885379,EnVyUs,Team Liquid,LCS
0.6102977518914208,0.38970224810857923,Apex,NRG Esports,LCS
0.5303448643987945,0.46965513560120553,EnVyUs,Team Liquid,LCS
0.6506573706602331,0.3493426293397669,Team SoloMid,Team Liquid,LCS
0.4493232583250758,0.5506767416749242,Apex,Counter Logic Gaming,LCS
0.6819393101351943,0.31806068986480573,Team SoloMid,Team Liquid,LCS
0.4953773494549003,0.5046226505450997,Counter Logic Gaming,Apex,LCS
0.7581900204467941,0.24180997955320593,Immortals,Phoenix1,LCS
0.4539191917757629,0.5460808082242371,Apex,Counter Logic Gaming,LCS
0.7756022610658143,0.2243977389341857,Immortals,Phoenix1,LCS
0.41609043575461435,0.5839095642453856,Echo Fox,Cloud9,LCS
0.5258658215664115,0.4741341784335885,Cloud9,Echo Fox,LCS
0.5731241725635721,0.42687582743642793,Cloud9,Echo Fox,LCS
0.18946638995040793,0.8105336100495921,NRG Esports,Immortals,LCS
0.7552616759441872,0.24473832405581275,Immortals,NRG Esports,LCS
0.7730286999808185,0.22697130001918153,Immortals,NRG Esports,LCS
0.4945137636214393,0.5054862363785607,EnVyUs,Apex,LCS
0.4546893828074078,0.5453106171925922,Apex,EnVyUs,LCS
0.49050285344761346,0.5094971465523865,EnVyUs,Apex,LCS
0.4513178984420827,0.5486821015579173,NRG Esports,Echo Fox,LCS
0.39365066861666137,0.6063493313833386,Team Liquid,Counter Logic Gaming,LCS
0.5467784150754269,0.4532215849245731,Counter Logic Gaming,Team Liquid,LCS
0.5064360212173037,0.4935639787826963,NRG Esports,Echo Fox,LCS
0.5915288562121702,0.4084711437878298,Counter Logic Gaming,Team Liquid,LCS
0.6267502738171205,0.37324972618287955,Team SoloMid,Apex,LCS
0.6473457159151585,0.35265428408484145,Cloud9,Phoenix1,LCS
0.661212530733855,0.338787469266145,Team SoloMid,Apex,LCS
0.32093131204878755,0.6790686879512124,Phoenix1,Cloud9,LCS
0.6167704633631671,0.3832295366368329,Cloud9,Phoenix1,LCS
0.4767197086523581,0.523280291347642,Team SoloMid,Immortals,LCS
0.665117869565883,0.33488213043411696,EnVyUs,Phoenix1,LCS
0.470616770332555,0.529383229667445,Immortals,Team SoloMid,LCS
0.6944755625101778,0.30552443748982216,EnVyUs,Phoenix1,LCS
0.4761062784973822,0.5238937215026178,Team SoloMid,Immortals,LCS
0.5001334126772968,0.49986658732270317,Cloud9,Counter Logic Gaming,LCS
0.5380854025778021,0.46191459742219787,Team Liquid,Echo Fox,LCS
0.550318114016126,0.44968188598387404,Cloud9,Counter Logic Gaming,LCS
0.5838909474422085,0.4161090525577915,Team Liquid,Echo Fox,LCS
0.6138109021234716,0.38618909787652844,Team SoloMid,Cloud9,LCS
0.3500144747340384,0.6499855252659617,Cloud9,Team SoloMid,LCS
0.5883291292200717,0.41167087077992826,Team SoloMid,Cloud9,LCS
0.5988789753819822,0.4011210246180178,Team Liquid,Phoenix1,LCS
0.6208500640101218,0.37914993598987823,Team Liquid,Phoenix1,LCS
0.5876571237113134,0.4123428762886866,Immortals,EnVyUs,LCS
0.6621992656829909,0.3378007343170091,Counter Logic Gaming,Echo Fox,LCS
0.6793729937422546,0.32062700625774543,Counter Logic Gaming,Echo Fox,LCS
0.6104570674897515,0.3895429325102485,Immortals,EnVyUs,LCS
0.6443456244378227,0.35565437556217727,Apex,Phoenix1,LCS
0.5485321811454368,0.4514678188545632,Team Liquid,NRG Esports,LCS
0.3371170323198915,0.6628829676801085,Phoenix1,Apex,LCS
0.42587624814371466,0.5741237518562854,NRG Esports,Team Liquid,LCS
0.6279737299970342,0.37202627000296584,Apex,Phoenix1,LCS
0.541528926179043,0.458471073820957,Team Liquid,NRG Esports,LCS
0.6093244697290362,0.3906755302709638,Cloud9,Apex,LCS
0.7596946609277361,0.24030533907226392,Team SoloMid,NRG Esports,LCS
0.7696504617016582,0.23034953829834182,Team SoloMid,NRG Esports,LCS
0.36948427527947475,0.6305157247205253,Apex,Cloud9,LCS
0.828110518547403,0.17188948145259697,Immortals,Echo Fox,LCS
0.59610173011646,0.40389826988354005,Cloud9,Apex,LCS
0.8336713926501143,0.16632860734988575,Immortals,Echo Fox,LCS
0.44802678208689156,0.5519732179131085,Counter Logic Gaming,EnVyUs,LCS
0.5203762048649748,0.4796237951350252,EnVyUs,Counter Logic Gaming,LCS
0.5478499754400427,0.45215002455995734,EnVyUs,Counter Logic Gaming,LCS
0.30359412920049367,0.6964058707995063,Counter Logic Gaming,Immortals,LCS
0.6614779798339756,0.3385220201660244,Immortals,Counter Logic Gaming,LCS
0.6787068015556218,0.3212931984443782,Immortals,Counter Logic Gaming,LCS
0.5090676140334611,0.4909323859665389,Team Liquid,Apex,LCS
0.5372597477057407,0.4627402522942593,Team Liquid,Apex,LCS
0.15672473130157627,0.8432752686984237,Echo Fox,Team SoloMid,LCS
0.519894674171278,0.480105325828722,Cloud9,EnVyUs,LCS
0.5473995059733013,0.45260049402669866,Cloud9,EnVyUs,LCS
0.8158727298441514,0.18412727015584862,Team SoloMid,Echo Fox,LCS
0.6870767325201619,0.3129232674798381,Immortals,Team Liquid,LCS
0.8221566791032826,0.1778433208967174,Team SoloMid,Echo Fox,LCS
0.7023557821861747,0.29764421781382533,Immortals,Team Liquid,LCS
0.5745232677262974,0.42547673227370264,NRG Esports,Phoenix1,LCS
0.4017208582854458,0.5982791417145542,Phoenix1,NRG Esports,LCS
0.5647693036850726,0.4352306963149274,NRG Esports,Phoenix1,LCS
0.6499322806498002,0.35006771935019976,Team SoloMid,EnVyUs,LCS
0.7004403673912547,0.2995596326087453,Cloud9,NRG Esports,LCS
0.7147102495310345,0.28528975046896554,Cloud9,NRG Esports,LCS
0.668043116461606,0.33195688353839403,Team SoloMid,EnVyUs,LCS
0.675082536814415,0.324917463185585,Counter Logic Gaming,Phoenix1,LCS
0.6337164717879683,0.3662835282120317,Apex,Echo Fox,LCS
0.6912732872840864,0.30872671271591356,Counter Logic Gaming,Phoenix1,LCS
0.6530637821973949,0.3469362178026051,Apex,Echo Fox,LCS
0.6413408206731422,0.35865917932685776,Cloud9,Team Liquid,LCS
0.33989262130073294,0.6601073786992671,Team Liquid,Cloud9,LCS
0.3747769474925425,0.6252230525074576,Team Liquid,Cloud9,LCS
0.27751375175558973,0.7224862482444103,Echo Fox,EnVyUs,LCS
0.687932087768197,0.31206791223180297,EnVyUs,Echo Fox,LCS
0.7031463064161775,0.2968536935838225,EnVyUs,Echo Fox,LCS
0.8436949889481477,0.15630501105185235,Team SoloMid,Phoenix1,LCS
0.6249919657816875,0.3750080342183125,Counter Logic Gaming,NRG Esports,LCS
0.6450017420846325,0.35499825791536754,Counter Logic Gaming,NRG Esports,LCS
0.8483827070575295,0.1516172929424705,Team SoloMid,Phoenix1,LCS
0.494703094311346,0.505296905688654,Team Liquid,EnVyUs,LCS
0.7370196742388206,0.26298032576117936,Immortals,Apex,LCS
0.7485866984836607,0.25141330151633934,Immortals,Apex,LCS
0.523772187786922,0.476227812213078,Team Liquid,EnVyUs,LCS
0.681401886284901,0.31859811371509905,Team SoloMid,Counter Logic Gaming,LCS
0.5783209159138604,0.42167908408613963,NRG Esports,Echo Fox,LCS
0.6971117333176259,0.3028882666823741,Team SoloMid,Counter Logic Gaming,LCS
0.6018021080091336,0.3981978919908664,NRG Esports,Echo Fox,LCS
0.6552095569368547,0.3447904430631453,Apex,Phoenix1,LCS
0.6252275479977053,0.3747724520022947,Immortals,Cloud9,LCS
0.3270827361550546,0.6729172638449454,Phoenix1,Apex,LCS
0.6452194722250126,0.35478052777498736,Immortals,Cloud9,LCS
0.362053067630175,0.637946932369825,Phoenix1,Apex,LCS
0.6532208301685721,0.34677916983142787,Team SoloMid,Cloud9,LCS
0.6710804703192731,0.3289195296807269,Team SoloMid,Cloud9,LCS
0.7418139070953575,0.25818609290464245,Immortals,EnVyUs,LCS
0.7530354204849328,0.24696457951506723,Immortals,EnVyUs,LCS
0.4492455674231421,0.5507544325768579,Echo Fox,Phoenix1,LCS
0.529621011044614,0.470378988955386,Apex,NRG Esports,LCS
0.519216400285837,0.48078359971416296,Phoenix1,Echo Fox,LCS
0.5564907061492388,0.4435092938507612,Apex,NRG Esports,LCS
0.5467649147479299,0.4532350852520701,Phoenix1,Echo Fox,LCS
0.7127462335915641,0.2872537664084359,Immortals,Team Liquid,LCS
0.5408328024750795,0.4591671975249205,Counter Logic Gaming,EnVyUs,LCS
0.27390450089333945,0.7260954991066606,Team Liquid,Immortals,LCS
0.5669512282366407,0.4330487717633593,Counter Logic Gaming,EnVyUs,LCS
0.6916218104527962,0.30837818954720375,Immortals,Team Liquid,LCS
0.7807799272398883,0.21922007276011168,Team SoloMid,Apex,LCS
0.6922071478542174,0.30779285214578256,Cloud9,NRG Esports,LCS
0.7892972284044811,0.21070277159551887,Team SoloMid,Apex,LCS
0.7070977916326573,0.2929022083673427,Cloud9,NRG Esports,LCS
0.29473805059381425,0.7052619494061858,Phoenix1,Counter Logic Gaming,LCS
0.7642331266578009,0.23576687334219915,Team Liquid,Echo Fox,LCS
0.6704209866283558,0.3295790133716442,Counter Logic Gaming,Phoenix1,LCS
0.22612599729852328,0.7738740027014768,Echo Fox,Team Liquid,LCS
0.6869670995227031,0.3130329004772969,Counter Logic Gaming,Phoenix1,LCS
0.7411828723716377,0.2588171276283623,Team Liquid,Echo Fox,LCS
0.289562504945227,0.7104374950547729,Counter Logic Gaming,Immortals,LCS
0.6756661072872469,0.32433389271275315,Immortals,Counter Logic Gaming,LCS
0.6918124038771146,0.3081875961228854,Immortals,Counter Logic Gaming,LCS
0.4811993639013483,0.5188006360986517,Phoenix1,NRG Esports,LCS
0.4889467399094825,0.5110532600905175,NRG Esports,Phoenix1,LCS
0.48164472298852823,0.5183552770114718,Phoenix1,NRG Esports,LCS
0.3819062124026867,0.6180937875973134,NRG Esports,EnVyUs,LCS
0.8869732817999558,0.11302671820004417,Team SoloMid,Echo Fox,LCS
0.41601747557492647,0.5839825244250736,NRG Esports,EnVyUs,LCS
0.8895562094437923,0.11044379055620768,Team SoloMid,Echo Fox,LCS
0.35433018915951786,0.6456698108404821,Apex,Cloud9,LCS
0.6865680450067937,0.3134319549932063,Team Liquid,Phoenix1,LCS
0.6109692069455134,0.3890307930544866,Cloud9,Apex,LCS
0.7018856636867896,0.2981143363132104,Team Liquid,Phoenix1,LCS
0.632037038018591,0.367962961981409,Cloud9,Apex,LCS
0.45765143615163023,0.5423485638483698,Counter Logic Gaming,Cloud9,LCS
0.8848672268199324,0.11513277318006765,Immortals,Echo Fox,LCS
0.5112282848902098,0.48877171510979023,Cloud9,Counter Logic Gaming,LCS
0.8875405897539214,0.11245941024607864,Immortals,Echo Fox,LCS
0.5133459662694564,0.4866540337305436,Apex,EnVyUs,LCS
0.4607150048066337,0.5392849951933663,Counter Logic Gaming,Cloud9,LCS
0.7117279838753598,0.28827201612464015,Team SoloMid,Team Liquid,LCS
0.45873090570053526,0.5412690942994647,EnVyUs,Apex,LCS
0.7251530508871873,0.2748469491128127,Team SoloMid,Team Liquid,LCS
0.48979617538750947,0.5102038246124905,EnVyUs,Apex,LCS
0.8347587355255374,0.16524126447446263,Immortals,NRG Esports,LCS
0.8399403522636104,0.1600596477363896,Immortals,NRG Esports,LCS
0.33960236328454824,0.6603976367154518,Echo Fox,Apex,LCS
0.625510545328347,0.37448945467165295,Apex,Echo Fox,LCS
0.6454810215305642,0.3545189784694358,Apex,Echo Fox,LCS
0.6331619913579137,0.36683800864208627,Cloud9,EnVyUs,LCS
0.4787591702295177,0.5212408297704823,Team Liquid,Counter Logic Gaming,LCS
0.49124948077866387,0.5087505192213362,Counter Logic Gaming,Team Liquid,LCS
0.6525514784560069,0.3474485215439931,Cloud9,EnVyUs,LCS
0.5205230839204096,0.4794769160795904,Counter Logic Gaming,Team Liquid,LCS
0.8109572951133907,0.18904270488660935,Immortals,Apex,LCS
0.8691608516858693,0.13083914831413068,Team SoloMid,Phoenix1,LCS
0.8175403409148448,0.18245965908515516,Immortals,Apex,LCS
0.12745105494677147,0.8725489450532286,Phoenix1,Team SoloMid,LCS
0.15151413272686365,0.8484858672731364,Phoenix1,Team SoloMid,LCS
0.7957781120371823,0.2042218879628177,Team SoloMid,EnVyUs,LCS
0.6639381399520603,0.3360618600479397,Team Liquid,NRG Esports,LCS
0.6809790646758598,0.3190209353241402,Team Liquid,NRG Esports,LCS
0.803314001463897,0.19668599853610302,Team SoloMid,EnVyUs,LCS
0.7063177116037195,0.2936822883962805,Cloud9,Phoenix1,LCS
0.788499401537235,0.21150059846276503,Counter Logic Gaming,Echo Fox,LCS
0.7965068898372689,0.20349311016273108,Counter Logic Gaming,Echo Fox,LCS
0.720146712773106,0.27985328722689395,Cloud9,Phoenix1,LCS
0.4734698663139074,0.5265301336860926,Team SoloMid,Immortals,LCS
0.5037543669562664,0.4962456330437336,Team SoloMid,Immortals,LCS
0.546655039363906,0.453344960636094,EnVyUs,Phoenix1,LCS
0.42762416011760923,0.5723758398823908,Phoenix1,EnVyUs,LCS
0.4601455406235306,0.5398544593764694,Phoenix1,EnVyUs,LCS
0.3633885765060544,0.6366114234939456,Apex,Team Liquid,LCS
0.730396065051572,0.26960393494842805,Counter Logic Gaming,NRG Esports,LCS
0.25755575278335613,0.7424442472166439,NRG Esports,Counter Logic Gaming,LCS
0.6020709425675788,0.39792905743242124,Team Liquid,Apex,LCS
0.376195492943625,0.623804507056375,Apex,Team Liquid,LCS
0.7084271747509717,0.2915728252490283,Counter Logic Gaming,NRG Esports,LCS
0.17476841736001358,0.8252315826399864,Phoenix1,Immortals,LCS
0.8162993329896306,0.18370066701036936,Cloud9,Echo Fox,LCS
0.7961147001342262,0.20388529986577375,Immortals,Phoenix1,LCS
0.8225575524942879,0.17744244750571214,Cloud9,Echo Fox,LCS
0.8036290037001169,0.19637099629988308,Immortals,Phoenix1,LCS
0.8585734028480768,0.14142659715192318,Team SoloMid,NRG Esports,LCS
0.6468955468321016,0.3531044531678984,Counter Logic Gaming,Apex,LCS
0.13751840807192506,0.8624815919280749,NRG Esports,Team SoloMid,LCS
0.3347617350123954,0.6652382649876045,Apex,Counter Logic Gaming,LCS
0.8371893356745794,0.16281066432542057,Team SoloMid,NRG Esports,LCS
0.36968941436865016,0.6303105856313498,Apex,Counter Logic Gaming,LCS
0.5952688898103934,0.4047311101896066,Cloud9,Team Liquid,LCS
0.6535614742850723,0.3464385257149277,EnVyUs,Echo Fox,LCS
0.6175077151970387,0.38249228480296127,Cloud9,Team Liquid,LCS
0.6713950910443792,0.3286049089556208,EnVyUs,Echo Fox,LCS
0.27831930542410255,0.7216806945758975,EnVyUs,Cloud9,LCS
0.6871095547230394,0.31289044527696064,Cloud9,EnVyUs,LCS
0.7023861161292454,0.2976138838707546,Cloud9,EnVyUs,LCS
0.7165098163056073,0.2834901836943927,Cloud9,EnVyUs,LCS
0.5561271109099759,0.4438728890900241,Counter Logic Gaming,Team Liquid,LCS
0.5811909224450643,0.4188090775549357,Counter Logic Gaming,Team Liquid,LCS
0.39553642915025106,0.604463570849749,Team Liquid,Counter Logic Gaming,LCS
0.5707509423738248,0.42924905762617516,Counter Logic Gaming,Team Liquid,LCS
0.6028741331466174,0.3971258668533826,Immortals,Cloud9,LCS
0.37545218276216913,0.6245478172378309,Cloud9,Immortals,LCS
0.40972814435382354,0.5902718556461765,Cloud9,Immortals,LCS
0.5570441034271048,0.44295589657289525,Immortals,Cloud9,LCS
0.4179563186138599,0.58204368138614,Cloud9,Immortals,LCS
0.6928935201099387,0.30710647989006135,Team SoloMid,Counter Logic Gaming,LCS
0.7077322871289436,0.29226771287105635,Team SoloMid,Counter Logic Gaming,LCS
0.7214554898145539,0.2785445101854461,Team SoloMid,Counter Logic Gaming,LCS
0.3338855974519169,0.6661144025480831,Counter Logic Gaming,Immortals,LCS
0.6311804998329196,0.3688195001670804,Immortals,Counter Logic Gaming,LCS
0.650720633957263,0.349279366042737,Immortals,Counter Logic Gaming,LCS
0.331228742095097,0.668771257904903,Counter Logic Gaming,Immortals,LCS
0.6338206092916615,0.3661793907083385,Immortals,Counter Logic Gaming,LCS
0.37231104456105213,0.6276889554389479,Cloud9,Team SoloMid,LCS
0.593338611503932,0.40666138849606803,Team SoloMid,Cloud9,LCS
0.615720180865956,0.38427981913404397,Team SoloMid,Cloud9,LCS
0.6364306337798272,0.3635693662201728,Team SoloMid,Cloud9,LCS
0.41910480896220653,0.5808951910377935,EnVyUs,Team Liquid,LCS
0.45197519354588367,0.5480248064541163,EnVyUs,Team Liquid,LCS
0.4833796552272692,0.5166203447727308,EnVyUs,Team Liquid,LCS
0.7011000323997301,0.29889996760026993,Cloud9,EnVyUs,LCS
0.7153203306891011,0.28467966931089894,Cloud9,EnVyUs,LCS
0.7284783034303274,0.2715216965696726,Cloud9,EnVyUs,LCS
0.46742091862366014,0.5325790813763398,Cloud9,Immortals,LCS
0.4980324215497224,0.5019675784502776,Cloud9,Immortals,LCS
0.47309801642696864,0.5269019835730313,Immortals,Cloud9,LCS
0.4965971241947684,0.5034028758052316,Cloud9,Immortals,LCS
0.335729475091593,0.664270524908407,Phoenix1,Counter Logic Gaming,LCS
0.6293501215447259,0.3706498784552741,Counter Logic Gaming,Phoenix1,LCS
0.42622472567397035,0.5737752743260296,Phoenix1,Flyquest,LCS
0.6217811241447156,0.37821887585528435,Counter Logic Gaming,Flyquest,LCS
0.7656376049285509,0.23436239507144907,Cloud9,Phoenix1,LCS
0.4057522688286527,0.5942477311713473,Cloud9,Team SoloMid,LCS
0.46453467094204653,0.5354653290579534,Cloud9,Team SoloMid,LCS
0.6891414015464203,0.31085859845357966,Phoenix1,Echo Fox,LCS
0.7153210790192336,0.2846789209807664,Phoenix1,Echo Fox,LCS
0.3599954050613373,0.6400045949386627,Team Liquid,Counter Logic Gaming,LCS
0.4929658746724114,0.5070341253275886,Flyquest,EnVyUs,LCS
0.42128691577084426,0.5787130842291557,Team Liquid,Counter Logic Gaming,LCS
0.5439295038369311,0.45607049616306894,Flyquest,EnVyUs,LCS
0.11457352410001119,0.8854264758999888,Echo Fox,Immortals,LCS
0.8439699085534903,0.1560300914465097,Immortals,Echo Fox,LCS
0.8520714069702978,0.14792859302970218,Immortals,Echo Fox,LCS
0.36511553129400365,0.6348844687059964,Dignitas,Phoenix1,LCS
0.5738070472778847,0.4261929527221153,Phoenix1,Dignitas,LCS
0.3848206498622195,0.6151793501377805,Dignitas,Phoenix1,LCS
0.6387357095956661,0.36126429040433394,Counter Logic Gaming,EnVyUs,LCS
0.6716050140496129,0.3283949859503871,Counter Logic Gaming,EnVyUs,LCS
0.6036303197267499,0.39636968027325015,Team SoloMid,Immortals,LCS
0.358856030156613,0.641143969843387,Immortals,Team SoloMid,LCS
0.5798072679907471,0.4201927320092529,Team SoloMid,Immortals,LCS
0.531367535163997,0.46863246483600296,Team Liquid,Flyquest,LCS
0.42202362296321205,0.577976377036788,Flyquest,Team Liquid,LCS
0.4796176156798145,0.5203823843201856,Flyquest,Team Liquid,LCS
0.8548476932640848,0.14515230673591517,Cloud9,Dignitas,LCS
0.1380443030806258,0.8619556969193742,Dignitas,Cloud9,LCS
0.8152215073737653,0.1847784926262347,Cloud9,Dignitas,LCS
0.44472457641905333,0.5552754235809467,Flyquest,Counter Logic Gaming,LCS
0.5004351177770044,0.49956488222299555,Flyquest,Counter Logic Gaming,LCS
0.16415598137758197,0.8358440186224181,Dignitas,Team SoloMid,LCS
0.7842858805202008,0.21571411947979924,Team SoloMid,Dignitas,LCS
0.7986281280114825,0.20137187198851747,Team SoloMid,Dignitas,LCS
0.6040655430577134,0.3959344569422866,Cloud9,Immortals,LCS
0.6415221314824179,0.3584778685175821,Cloud9,Immortals,LCS
0.5552156864998716,0.44478431350012837,Phoenix1,EnVyUs,LCS
0.598926477324056,0.401073522675944,Phoenix1,EnVyUs,LCS
0.7601144469026399,0.23988555309736015,Team SoloMid,Team Liquid,LCS
0.22270541515352568,0.7772945848464743,Team Liquid,Team SoloMid,LCS
0.7184440824849616,0.2815559175150384,Team SoloMid,Team Liquid,LCS
0.6733224992631205,0.3266775007368795,Dignitas,Echo Fox,LCS
0.2984088201372593,0.7015911798627408,Echo Fox,Dignitas,LCS
0.3607342764173707,0.6392657235826293,Echo Fox,Dignitas,LCS
0.4608259367259019,0.5391740632740981,Phoenix1,Team Liquid,LCS
0.5150563006613559,0.4849436993386441,Phoenix1,Team Liquid,LCS
0.23773528697656424,0.7622647130234358,Echo Fox,Flyquest,LCS
0.7022383796385974,0.29776162036140263,Flyquest,Echo Fox,LCS
0.2732960683776958,0.7267039316223042,Echo Fox,Flyquest,LCS
0.22055102397355641,0.7794489760264436,EnVyUs,Immortals,LCS
0.7207887291058135,0.2792112708941865,Immortals,EnVyUs,LCS
0.7335419763428646,0.26645802365713545,Immortals,EnVyUs,LCS
0.7655242278664386,0.2344757721335614,Cloud9,Counter Logic Gaming,LCS
0.22492397926009028,0.7750760207399097,Counter Logic Gaming,Cloud9,LCS
0.7424479232144678,0.25755207678553216,Cloud9,Counter Logic Gaming,LCS
0.40148119018358536,0.5985188098164147,Phoenix1,Immortals,LCS
0.4349991347877586,0.5650008652122414,Phoenix1,Immortals,LCS
0.3967387330222028,0.6032612669777973,EnVyUs,Team Liquid,LCS
0.4304129861162067,0.5695870138837933,EnVyUs,Team Liquid,LCS
0.28260566221814676,0.7173943377818532,Counter Logic Gaming,Team SoloMid,LCS
0.6827388148932282,0.3172611851067718,Team SoloMid,Counter Logic Gaming,LCS
0.6983470714439733,0.30165292855602666,Team SoloMid,Counter Logic Gaming,LCS
0.6480665428915917,0.3519334571084083,Flyquest,Dignitas,LCS
0.6663198560972394,0.3336801439027606,Flyquest,Dignitas,LCS
0.4268584569148167,0.5731415430851833,Echo Fox,Team Liquid,LCS
0.5405878731502518,0.4594121268497482,Team Liquid,Echo Fox,LCS
0.5667229174823856,0.43327708251761443,Team Liquid,Echo Fox,LCS
0.8490347251003164,0.1509652748996836,Cloud9,EnVyUs,LCS
0.8534363654986635,0.14656363450133647,Cloud9,EnVyUs,LCS
0.2982594419609939,0.7017405580390061,Phoenix1,Team SoloMid,LCS
0.6668602222309402,0.3331397777690598,Team SoloMid,Phoenix1,LCS
0.6836780456956995,0.31632195430430055,Team SoloMid,Phoenix1,LCS
0.6836007216990693,0.31639927830093073,Counter Logic Gaming,Dignitas,LCS
0.699143514863283,0.30085648513671703,Counter Logic Gaming,Dignitas,LCS
0.4534765643101131,0.5465234356898869,Flyquest,Immortals,LCS
0.4848066969436136,0.5151933030563864,Flyquest,Immortals,LCS
0.8747646287659734,0.12523537123402662,Cloud9,Echo Fox,LCS
0.8778897217702656,0.12211027822973441,Cloud9,Echo Fox,LCS
0.8325736087178991,0.1674263912821009,Cloud9,Team Liquid,LCS
0.16212120921488074,0.8378787907851193,Team Liquid,Cloud9,LCS
0.8099369378702028,0.19006306212979718,Cloud9,Team Liquid,LCS
0.711746758903348,0.28825324109665196,Immortals,Dignitas,LCS
0.7251704275902524,0.2748295724097476,Immortals,Dignitas,LCS
0.288567778612397,0.711432221387603,Echo Fox,Counter Logic Gaming,LCS
0.3233241803185926,0.6766758196814073,Echo Fox,Counter Logic Gaming,LCS
0.5152375798548963,0.48476242014510373,Flyquest,Phoenix1,LCS
0.5430406820927874,0.45695931790721256,Flyquest,Phoenix1,LCS
0.8259923956338912,0.17400760436610885,Team SoloMid,EnVyUs,LCS
0.8316761468400927,0.16832385315990728,Team SoloMid,EnVyUs,LCS
0.6239904216430863,0.37600957835691373,Immortals,Team Liquid,LCS
0.6440760686002157,0.3559239313997843,Immortals,Team Liquid,LCS
0.49009030701909256,0.5099096929809075,Counter Logic Gaming,Phoenix1,LCS
0.48056802165206136,0.5194319783479386,Phoenix1,Counter Logic Gaming,LCS
0.4895423876517691,0.510457612348231,Counter Logic Gaming,Phoenix1,LCS
0.16606656012652718,0.8339334398734728,Echo Fox,Team SoloMid,LCS
0.1943882235888851,0.8056117764111149,Echo Fox,Team SoloMid,LCS
0.7079432023470296,0.29205679765297043,Cloud9,Flyquest,LCS
0.27834935869621186,0.7216506413037882,Flyquest,Cloud9,LCS
0.687078874886131,0.31292112511386905,Cloud9,Flyquest,LCS
0.44713827068263573,0.5528617293173643,Dignitas,EnVyUs,LCS
0.4787780230011939,0.5212219769988061,Dignitas,EnVyUs,LCS
0.2641052327150544,0.7358947672849456,Dignitas,Flyquest,LCS
0.2983236127782036,0.7016763872217964,Dignitas,Flyquest,LCS
0.6706006497665852,0.3293993502334148,Phoenix1,EnVyUs,LCS
0.687133058567184,0.312866941432816,Phoenix1,EnVyUs,LCS
0.4396410104168193,0.5603589895831806,Counter Logic Gaming,Immortals,LCS
0.5283674285747232,0.4716325714252768,Immortals,Counter Logic Gaming,LCS
0.44468012146774616,0.5553198785322538,Counter Logic Gaming,Immortals,LCS
0.5383209686987132,0.46167903130128685,Team Liquid,Dignitas,LCS
0.43539060337339647,0.5646093966266035,Dignitas,Team Liquid,LCS
0.46757445361740474,0.5324255463825953,Dignitas,Team Liquid,LCS
0.4140720335185564,0.5859279664814436,Team SoloMid,Cloud9,LCS
0.5528622112256711,0.44713778877432886,Cloud9,Team SoloMid,LCS
0.42184616214910303,0.578153837850897,Team SoloMid,Cloud9,LCS
0.399173968783488,0.600826031216512,EnVyUs,Echo Fox,LCS
0.43276893687845425,0.5672310631215458,EnVyUs,Echo Fox,LCS
0.681232466443915,0.318767533556085,Team SoloMid,Flyquest,LCS
0.30304480858600413,0.6969551914139959,Flyquest,Team SoloMid,LCS
0.6620315308265997,0.3379684691734003,Team SoloMid,Flyquest,LCS
0.6801774170059308,0.3198225829940692,Immortals,Echo Fox,LCS
0.6959803582735947,0.3040196417264053,Immortals,Echo Fox,LCS
0.35899430427711054,0.6410056957228895,Team Liquid,Counter Logic Gaming,LCS
0.6063833244755636,0.39361667552443635,Counter Logic Gaming,Team Liquid,LCS
0.6277948809264821,0.37220511907351794,Counter Logic Gaming,Team Liquid,LCS
0.25903710948181186,0.7409628905181882,Phoenix1,Cloud9,LCS
0.29310189863091407,0.7068981013690859,Phoenix1,Cloud9,LCS
0.6814072008033549,0.31859279919664507,Immortals,Team Liquid,LCS
0.3028833561164379,0.6971166438835621,Team Liquid,Immortals,LCS
0.33780574440162175,0.6621942555983782,Team Liquid,Immortals,LCS
0.48090539490738804,0.519094605092612,Counter Logic Gaming,Phoenix1,LCS
0.823533072733142,0.17646692726685798,Cloud9,Echo Fox,LCS
0.6981294710169165,0.30187052898308353,Flyquest,EnVyUs,LCS
0.28742676025200886,0.7125732397479911,EnVyUs,Flyquest,LCS
0.8293607074479171,0.17063929255208288,Cloud9,Echo Fox,LCS
0.6778346741572278,0.32216532584277224,Flyquest,EnVyUs,LCS
0.6497734137619672,0.3502265862380328,Phoenix1,Dignitas,LCS
0.332103617291661,0.6678963827083391,Dignitas,Phoenix1,LCS
0.6329508940588359,0.36704910594116413,Phoenix1,Dignitas,LCS
0.6713364433629267,0.32866355663707325,Team SoloMid,Counter Logic Gaming,LCS
0.687812734400742,0.312187265599258,Team SoloMid,Counter Logic Gaming,LCS
0.8107445348836729,0.18925546511632707,Team SoloMid,Dignitas,LCS
0.8173406348422027,0.18265936515779735,Team SoloMid,Dignitas,LCS
0.42610390375985785,0.5738960962401422,Echo Fox,Team Liquid,LCS
0.541310783166448,0.458689216833552,Team Liquid,Echo Fox,LCS
0.43260324796846195,0.567396752031538,Echo Fox,Team Liquid,LCS
0.6943105693304771,0.3056894306695229,Cloud9,Flyquest,LCS
0.7090423030298159,0.29095769697018414,Cloud9,Flyquest,LCS
0.697696436458323,0.302303563541677,Immortals,EnVyUs,LCS
0.2878271789012609,0.712172821098739,EnVyUs,Immortals,LCS
0.3225720825131139,0.677427917486886,EnVyUs,Immortals,LCS
0.8130434687189407,0.18695653128105927,Cloud9,Team Liquid,LCS
0.8194989867729899,0.18050101322701007,Cloud9,Team Liquid,LCS
0.5193414192148103,0.48065858078518975,Phoenix1,Flyquest,LCS
0.34617929161027444,0.6538207083897256,Dignitas,Counter Logic Gaming,LCS
0.3809946550143114,0.6190053449856886,Dignitas,Counter Logic Gaming,LCS
0.17224304391642645,0.8277569560835736,EnVyUs,Team SoloMid,LCS
0.7988648916870426,0.20113510831295744,Team SoloMid,EnVyUs,LCS
0.806203576465929,0.193796423534071,Team SoloMid,EnVyUs,LCS
0.5042954515917719,0.4957045484082281,Immortals,Flyquest,LCS
0.532783504192253,0.46721649580774705,Immortals,Flyquest,LCS
0.686865924786759,0.313134075213241,Phoenix1,Echo Fox,LCS
0.7021609568300146,0.29783904316998544,Phoenix1,Echo Fox,LCS
0.24870546653470058,0.7512945334652994,Counter Logic Gaming,Cloud9,LCS
0.7175895974004955,0.28241040259950445,Cloud9,Counter Logic Gaming,LCS
0.26942066287851596,0.730579337121484,Counter Logic Gaming,Cloud9,LCS
0.431724537051426,0.568275462948574,Echo Fox,Dignitas,LCS
0.5359300294504187,0.4640699705495813,Dignitas,Echo Fox,LCS
0.5623793863448091,0.4376206136551909,Dignitas,Echo Fox,LCS
0.30509990279068316,0.6949000972093169,Immortals,Team SoloMid,LCS
0.6599613884927717,0.34003861150722825,Team SoloMid,Immortals,LCS
0.5049590855267305,0.4950409144732695,Team Liquid,EnVyUs,LCS
0.46659374717494073,0.5334062528250593,EnVyUs,Team Liquid,LCS
0.6773060614763268,0.32269393852367323,Team SoloMid,Immortals,LCS
0.5027507339886444,0.49724926601135555,Team Liquid,EnVyUs,LCS
0.5229208711872158,0.47707912881278425,Dignitas,Team Liquid,LCS
0.550229823412561,0.449770176587439,Dignitas,Team Liquid,LCS
0.6887099326400065,0.31129006735999354,Counter Logic Gaming,Echo Fox,LCS
0.7038652202528752,0.29613477974712477,Counter Logic Gaming,Echo Fox,LCS
0.31312789435057337,0.6868721056494267,Immortals,Cloud9,LCS
0.6518947506937881,0.3481052493062119,Cloud9,Immortals,LCS
0.3301443087711713,0.6698556912288287,Immortals,Cloud9,LCS
0.5802876128068846,0.41971238719311543,Dignitas,EnVyUs,LCS
0.39637401477940143,0.6036259852205985,EnVyUs,Dignitas,LCS
0.5699400370758528,0.43005996292414717,Dignitas,EnVyUs,LCS
0.2576290321331475,0.7423709678668525,Flyquest,Team SoloMid,LCS
0.7083515047249959,0.29164849527500414,Team SoloMid,Flyquest,LCS
0.722028435507897,0.27797156449210303,Team SoloMid,Flyquest,LCS
0.8460129336126635,0.1539870663873365,Team SoloMid,Echo Fox,LCS
0.850575618804206,0.14942438119579404,Team SoloMid,Echo Fox,LCS
0.502638202902696,0.497361797097304,Phoenix1,Immortals,LCS
0.5312279744566311,0.46877202554336894,Phoenix1,Immortals,LCS
0.5618921315359335,0.43810786846406646,Counter Logic Gaming,Flyquest,LCS
0.5865503580734033,0.4134496419265967,Counter Logic Gaming,Flyquest,LCS
0.19760832090389938,0.8023916790961007,EnVyUs,Cloud9,LCS
0.7714562775069917,0.22854372249300825,Cloud9,EnVyUs,LCS
0.7806017623580686,0.21939823764193145,Cloud9,EnVyUs,LCS
0.7155859416023028,0.2844140583976972,Phoenix1,Team Liquid,LCS
0.7287242031720653,0.2712757968279347,Phoenix1,Team Liquid,LCS
0.7270826121919269,0.27291738780807306,Cloud9,Dignitas,LCS
0.7393730486275604,0.26062695137243963,Cloud9,Dignitas,LCS
0.6506749551519363,0.3493250448480637,Flyquest,Echo Fox,LCS
0.66872906802762,0.33127093197238,Flyquest,Echo Fox,LCS
0.4702166782336997,0.5297833217663003,Immortals,Counter Logic Gaming,LCS
0.5006781565368167,0.4993218434631833,Immortals,Counter Logic Gaming,LCS
0.17086539722400745,0.8291346027759925,Team Liquid,Team SoloMid,LCS
0.800367227614502,0.19963277238549804,Team SoloMid,Team Liquid,LCS
0.19238944782034373,0.8076105521796563,Team Liquid,Team SoloMid,LCS
0.5958377920256093,0.40416220797439073,Cloud9,Phoenix1,LCS
0.6180344913830998,0.38196550861690015,Cloud9,Phoenix1,LCS
0.41823264591570497,0.581767354084295,Echo Fox,EnVyUs,LCS
0.5488625292925268,0.45113747070747323,EnVyUs,Echo Fox,LCS
0.42556869323517826,0.5744313067648217,Echo Fox,EnVyUs,LCS
0.6115746777666434,0.3884253222333566,Team SoloMid,Phoenix1,LCS
0.6325970336426431,0.3674029663573569,Team SoloMid,Phoenix1,LCS
0.369104035703416,0.630895964296584,Dignitas,Immortals,LCS
0.40352635254293623,0.5964736474570638,Dignitas,Immortals,LCS
0.41559390627156745,0.5844060937284326,Team Liquid,Flyquest,LCS
0.5513985549443606,0.44860144505563937,Flyquest,Team Liquid,LCS
0.5767918540903685,0.4232081459096315,Flyquest,Team Liquid,LCS
0.31476246914152345,0.6852375308584766,EnVyUs,Counter Logic Gaming,LCS
0.6502561830265796,0.3497438169734204,Counter Logic Gaming,EnVyUs,LCS
0.6683422808139229,0.3316577191860771,Counter Logic Gaming,EnVyUs,LCS
0.597664087866022,0.402335912133978,Phoenix1,Dignitas,LCS
0.6197253863586262,0.3802746136413738,Phoenix1,Dignitas,LCS
0.6401336479257144,0.35986635207428563,Phoenix1,Dignitas,LCS
0.5534342473046245,0.44656575269537546,Counter Logic Gaming,Flyquest,LCS
0.42131394001129885,0.5786860599887012,Flyquest,Counter Logic Gaming,LCS
0.45409600816362566,0.5459039918363744,Flyquest,Counter Logic Gaming,LCS
0.48539529706225587,0.5146047029377441,Flyquest,Counter Logic Gaming,LCS
0.6282344938621194,0.3717655061378806,Cloud9,Phoenix1,LCS
0.6479983689913952,0.3520016310086048,Cloud9,Phoenix1,LCS
0.6951556496899649,0.3048443503100351,Team SoloMid,Flyquest,LCS
0.7098235976335933,0.29017640236640674,Team SoloMid,Flyquest,LCS
0.7233906252931159,0.27660937470688407,Team SoloMid,Flyquest,LCS
0.5853847375405937,0.4146152624594063,Phoenix1,Flyquest,LCS
0.39164876292940526,0.6083512370705948,Flyquest,Phoenix1,LCS
0.4254819635535452,0.5745180364464548,Flyquest,Phoenix1,LCS
0.5419067733963338,0.45809322660366625,Phoenix1,Flyquest,LCS
0.5679522246372143,0.4320477753627857,Phoenix1,Flyquest,LCS
0.497203199137054,0.502796800862946,Team SoloMid,Cloud9,LCS
0.52612267348398,0.47387732651602,Team SoloMid,Cloud9,LCS
0.44677734059648416,0.5532226594035159,Cloud9,Team SoloMid,LCS
0.47843439188146486,0.5215656081185351,Cloud9,Team SoloMid,LCS
0.4915560689282049,0.5084439310717951,Team SoloMid,Cloud9,LCS
0.5531631591317697,0.4468368408682303,Dignitas,Team Liquid,LCS
0.7208511709951151,0.2791488290048849,Cloud9,Counter Logic Gaming,LCS
0.2570856800443604,0.7429143199556396,Counter Logic Gaming,Cloud9,LCS
0.3182529462065155,0.6817470537934844,Counter Logic Gaming,Cloud9,LCS
0.5509549660161364,0.44904503398386364,Phoenix1,Immortals,LCS
0.40480739726463144,0.5951926027353686,Immortals,Phoenix1,LCS
0.4636543754488461,0.536345624551154,Immortals,Phoenix1,LCS
0.6827745341093905,0.3172254658906095,Counter Logic Gaming,Team Liquid,LCS
0.7097929520689397,0.29020704793106034,Counter Logic Gaming,Team Liquid,LCS
0.336564771502319,0.663435228497681,Echo Fox,FlyQuest,LCS
0.398598576783582,0.601401423216418,Echo Fox,FlyQuest,LCS
0.5778828087985597,0.4221171912014403,Team SoloMid,Cloud9,LCS
0.618734728065591,0.38126527193440896,Team SoloMid,Cloud9,LCS
0.6035661721110729,0.3964338278889271,Dignitas,EnVyUs,LCS
0.3589117689336897,0.6410882310663103,EnVyUs,Dignitas,LCS
0.5797537190494176,0.42024628095058236,Dignitas,EnVyUs,LCS
0.28045398182234,0.7195460181776601,Immortals,Team SoloMid,LCS
0.34247862177664723,0.6575213782233528,Immortals,Team SoloMid,LCS
0.29811577679189305,0.701884223208107,EnVyUs,Phoenix1,LCS
0.6395613102344294,0.3604386897655706,Phoenix1,EnVyUs,LCS
0.32767926131392794,0.6723207386860721,EnVyUs,Phoenix1,LCS
0.5498454018833794,0.4501545981166206,Dignitas,FlyQuest,LCS
0.5942196304798185,0.4057803695201815,Dignitas,FlyQuest,LCS
0.5262484743106045,0.4737515256893955,Echo Fox,Team Liquid,LCS
0.5734619033383501,0.4265380966616499,Echo Fox,Team Liquid,LCS
0.2833344628584412,0.7166655371415588,Dignitas,Team SoloMid,LCS
0.6545723974941211,0.3454276025058789,Team SoloMid,Dignitas,LCS
0.3146669825788794,0.6853330174211206,Dignitas,Team SoloMid,LCS
0.6736721178112226,0.3263278821887774,Counter Logic Gaming,Echo Fox,LCS
0.2981055388577692,0.7018944611422309,Echo Fox,Counter Logic Gaming,LCS
0.6395716384098712,0.3604283615901288,Counter Logic Gaming,Echo Fox,LCS
0.7475541735069536,0.25244582649304637,Immortals,FlyQuest,LCS
0.23373613194551343,0.7662638680544865,FlyQuest,Immortals,LCS
0.7065249501202142,0.2934750498797858,Immortals,FlyQuest,LCS
0.5911310945533552,0.4088689054466448,EnVyUs,Team Liquid,LCS
0.36972472314836546,0.6302752768516345,Team Liquid,EnVyUs,LCS
0.5694057407707225,0.4305942592292775,EnVyUs,Team Liquid,LCS
0.640867188267466,0.359132811732534,Cloud9,Phoenix1,LCS
0.6734527971487364,0.3265472028512636,Cloud9,Phoenix1,LCS
0.2862994482237356,0.7137005517762645,EnVyUs,Immortals,LCS
0.34845489062433993,0.6515451093756601,EnVyUs,Immortals,LCS
0.7432241290860494,0.2567758709139506,Cloud9,Echo Fox,LCS
0.7624687803543646,0.2375312196456354,Cloud9,Echo Fox,LCS
0.7470548547896366,0.2529451452103634,Dignitas,Team Liquid,LCS
0.23417395372579544,0.7658260462742046,Team Liquid,Dignitas,LCS
0.2939452242764474,0.7060547757235526,Team Liquid,Dignitas,LCS
0.4125587163772538,0.5874412836227463,Counter Logic Gaming,Team SoloMid,LCS
0.529138667714408,0.470861332285592,Team SoloMid,Counter Logic Gaming,LCS
0.5760115723285073,0.4239884276714927,Team SoloMid,Counter Logic Gaming,LCS
0.41316671517249187,0.5868332848275082,FlyQuest,Phoenix1,LCS
0.4714252422151899,0.5285747577848101,FlyQuest,Phoenix1,LCS
0.6996664770821284,0.30033352291787163,Immortals,Team Liquid,LCS
0.7139945595172645,0.28600544048273546,Immortals,Team Liquid,LCS
0.42200919212051496,0.5779908078794851,Echo Fox,EnVyUs,LCS
0.45476314655562844,0.5452368534443716,Echo Fox,EnVyUs,LCS
0.8129134223649482,0.18708657763505177,Team SoloMid,Team Liquid,LCS
0.8193768649990557,0.1806231350009443,Team SoloMid,Team Liquid,LCS
0.6263627907839886,0.3736372092160114,Cloud9,Immortals,LCS
0.35373134251226374,0.6462686574877363,Immortals,Cloud9,LCS
0.38844133491501676,0.6115586650849832,Immortals,Cloud9,LCS
0.6400541420884459,0.3599458579115541,Counter Logic Gaming,FlyQuest,LCS
0.3410811992810385,0.6589188007189615,FlyQuest,Counter Logic Gaming,LCS
0.6240461858334547,0.3759538141665453,Counter Logic Gaming,FlyQuest,LCS
0.5845983642208539,0.41540163577914613,Dignitas,Phoenix1,LCS
0.39237760673556027,0.6076223932644398,Phoenix1,Dignitas,LCS
0.7485294930331432,0.2514705069668568,Team SoloMid,EnVyUs,LCS
0.7592712143809894,0.24072878561901057,Team SoloMid,EnVyUs,LCS
0.6594621756059653,0.3405378243940347,Counter Logic Gaming,Phoenix1,LCS
0.323155014492969,0.676844985507031,Phoenix1,Counter Logic Gaming,LCS
0.641863353316425,0.35813664668357503,Counter Logic Gaming,Phoenix1,LCS
0.7287412374721025,0.2712587625278975,Cloud9,FlyQuest,LCS
0.740910283049926,0.259089716950074,Cloud9,FlyQuest,LCS
0.5676975230885771,0.4323024769114229,Dignitas,Echo Fox,LCS
0.408056740627983,0.5919432593720171,Echo Fox,Dignitas,LCS
0.5586548399001412,0.4413451600998588,Dignitas,Echo Fox,LCS
0.5823345524549861,0.4176654475450139,Dignitas,Phoenix1,LCS
0.5198284709986672,0.48017152900133275,Immortals,Counter Logic Gaming,LCS
0.5473375700489237,0.4526624299510763,Immortals,Counter Logic Gaming,LCS
0.48922121434959875,0.5107787856504012,Phoenix1,Echo Fox,LCS
0.5186137286101125,0.48138627138988754,Phoenix1,Echo Fox,LCS
0.7723783927722371,0.22762160722776292,Team SoloMid,FlyQuest,LCS
0.7814611705864204,0.2185388294135796,Team SoloMid,FlyQuest,LCS
0.6299093695020818,0.37009063049791824,Counter Logic Gaming,EnVyUs,LCS
0.35045392157553473,0.6495460784244653,EnVyUs,Counter Logic Gaming,LCS
0.6147873777381094,0.38521262226189057,Counter Logic Gaming,EnVyUs,LCS
0.8174194261747169,0.18258057382528314,Cloud9,Team Liquid,LCS
0.8236102654405326,0.17638973455946738,Cloud9,Team Liquid,LCS
0.38408929274054354,0.6159107072594565,Dignitas,Immortals,LCS
0.5818587087976259,0.4181412912023741,Immortals,Dignitas,LCS
0.6050827192614512,0.3949172807385488,Immortals,Dignitas,LCS
0.8024020417680052,0.19759795823199477,Team SoloMid,Echo Fox,LCS
0.8095168640459381,0.19048313595406186,Team SoloMid,Echo Fox,LCS
0.3805912696779458,0.6194087303220541,Team Liquid,Phoenix1,LCS
0.5852626311980897,0.41473736880191026,Phoenix1,Team Liquid,LCS
0.39176193252559605,0.6082380674744039,Team Liquid,Phoenix1,LCS
0.3093912704661078,0.6906087295338922,Dignitas,Cloud9,LCS
0.6556454026763116,0.34435459732368845,Cloud9,Dignitas,LCS
0.6733198109782248,0.3266801890217752,Cloud9,Dignitas,LCS
0.4857882415983494,0.5142117584016506,FlyQuest,EnVyUs,LCS
0.4846200326903732,0.5153799673096269,EnVyUs,FlyQuest,LCS
0.5142789513257893,0.48572104867421073,EnVyUs,FlyQuest,LCS
0.6613009474024347,0.3386990525975653,Counter Logic Gaming,FlyQuest,LCS
0.6109933411716739,0.3890066588283261,Team SoloMid,Immortals,LCS
0.6320593599944737,0.3679406400055263,Team SoloMid,Immortals,LCS
0.36615045497069765,0.6338495450293024,Counter Logic Gaming,Cloud9,LCS
0.5993645348889861,0.4006354651110139,Cloud9,Counter Logic Gaming,LCS
0.37870046140659913,0.6212995385934008,Counter Logic Gaming,Cloud9,LCS
0.37815350559630984,0.6218464944036901,FlyQuest,Dignitas,LCS
0.5876375399691762,0.4123624600308238,Dignitas,FlyQuest,LCS
0.38956107889699443,0.6104389211030056,FlyQuest,Dignitas,LCS
0.5407686844675474,0.45923131553245256,Echo Fox,Team Liquid,LCS
0.4331085384707434,0.5668914615292566,Team Liquid,Echo Fox,LCS
0.5346065586909293,0.4653934413090707,Echo Fox,Team Liquid,LCS
0.5875689686059963,0.4124310313940037,Team SoloMid,Cloud9,LCS
0.38962461770671036,0.6103753822932896,Cloud9,Team SoloMid,LCS
0.4235184477774032,0.5764815522225968,Cloud9,Team SoloMid,LCS
0.475512673771442,0.524487326228558,Phoenix1,EnVyUs,LCS
0.49431525969833484,0.5056847403016651,EnVyUs,Phoenix1,LCS
0.47659255435409986,0.5234074456459001,Phoenix1,EnVyUs,LCS
0.679886713766491,0.320113286233509,Immortals,Phoenix1,LCS
0.30428823665109656,0.6957117633489034,Phoenix1,Immortals,LCS
0.3392212557176874,0.6607787442823125,Phoenix1,Immortals,LCS
0.48008683337496016,0.5199131666250398,Echo Fox,FlyQuest,LCS
0.4899964323951243,0.5100035676048758,FlyQuest,Echo Fox,LCS
0.5193436034178875,0.48065639658211246,FlyQuest,Echo Fox,LCS
0.43598985599510404,0.5640101440048959,EnVyUs,Dignitas,LCS
0.5318530843941253,0.46814691560587474,Dignitas,EnVyUs,LCS
0.441425205021116,0.558574794978884,EnVyUs,Dignitas,LCS
0.7458445920729968,0.2541554079270032,Counter Logic Gaming,Team Liquid,LCS
0.756777528622167,0.24322247137783304,Counter Logic Gaming,Team Liquid,LCS
0.6800787693498029,0.31992123065019706,Counter Logic Gaming,FlyQuest,LCS
0.6958892126035832,0.30411078739641684,Counter Logic Gaming,FlyQuest,LCS
0.6996836212348572,0.30031637876514283,Immortals,Echo Fox,LCS
0.7140104139918653,0.28598958600813473,Immortals,Echo Fox,LCS
0.763245857784613,0.23675414221538704,Team SoloMid,Phoenix1,LCS
0.7729550062978092,0.22704499370219078,Team SoloMid,Phoenix1,LCS
0.3436837112711399,0.65631628872886,Dignitas,Counter Logic Gaming,LCS
0.37852851560837814,0.6214714843916218,Dignitas,Counter Logic Gaming,LCS
0.2562131830640646,0.7437868169359354,EnVyUs,Cloud9,LCS
0.29018589655335664,0.7098141034466434,EnVyUs,Cloud9,LCS
0.5902789513814852,0.40972104861851477,FlyQuest,Team Liquid,LCS
0.6128861656932814,0.38711383430671864,FlyQuest,Team Liquid,LCS
0.5610641500444109,0.4389358499555891,Cloud9,Immortals,LCS
0.4142191193614687,0.5857808806385313,Immortals,Cloud9,LCS
0.44727928098824526,0.5527207190117547,Immortals,Cloud9,LCS
0.5588454814877303,0.4411545185122697,Dignitas,Phoenix1,LCS
0.41628143461807887,0.5837185653819211,Phoenix1,Dignitas,LCS
0.5507375729030256,0.4492624270969744,Dignitas,Phoenix1,LCS
0.8694090432997998,0.13059095670020016,Team SoloMid,Team Liquid,LCS
0.8727853052558062,0.12721469474419378,Team SoloMid,Team Liquid,LCS
0.37866110671027,0.62133889328973,Echo Fox,EnVyUs,LCS
0.5871428410763929,0.4128571589236071,EnVyUs,Echo Fox,LCS
0.6099805196276927,0.39001948037230727,EnVyUs,Echo Fox,LCS
0.6975727009237637,0.30242729907623633,Cloud9,Phoenix1,LCS
0.2879415929556247,0.7120584070443753,Phoenix1,Cloud9,LCS
0.6773117080896734,0.32268829191032655,Cloud9,Phoenix1,LCS
0.30599103519415555,0.6940089648058445,Team Liquid,EnVyUs,LCS
0.6590643894736489,0.34093561052635113,EnVyUs,Team Liquid,LCS
0.3235224114346324,0.6764775885653675,Team Liquid,EnVyUs,LCS
0.26206854069741936,0.7379314593025806,Dignitas,Team SoloMid,LCS
0.2962269864510421,0.7037730135489579,Dignitas,Team SoloMid,LCS
0.7221912277085447,0.2778087722914553,Counter Logic Gaming,Echo Fox,LCS
0.7348410555628488,0.26515894443715116,Counter Logic Gaming,Echo Fox,LCS
0.31306039293327154,0.6869396070667284,FlyQuest,Immortals,LCS
0.6519624449328373,0.3480375550671627,Immortals,FlyQuest,LCS
0.669918214466667,0.330081785533333,Immortals,FlyQuest,LCS
0.3765444614158462,0.6234555385841538,Team Liquid,Phoenix1,LCS
0.41079366524896443,0.5892063347510356,Team Liquid,Phoenix1,LCS
0.41273363186078216,0.5872663681392178,Dignitas,Cloud9,LCS
0.5541500385013179,0.44584996149868206,Cloud9,Dignitas,LCS
0.5793519709595647,0.4206480290404353,Cloud9,Dignitas,LCS
0.8277467349893386,0.1722532650106614,Team SoloMid,Echo Fox,LCS
0.166671356332648,0.8333286436673519,Echo Fox,Team SoloMid,LCS
0.8049498285870071,0.19505017141299286,Team SoloMid,Echo Fox,LCS
0.5158323505379724,0.4841676494620276,Immortals,Counter Logic Gaming,LCS
0.45640242203503983,0.5435975779649602,Counter Logic Gaming,Immortals,LCS
0.5124140317411027,0.48758596825889733,Immortals,Counter Logic Gaming,LCS
0.4697608190891028,0.5302391809108973,FlyQuest,EnVyUs,LCS
0.4997531091448117,0.5002468908551883,EnVyUs,FlyQuest,LCS
0.5285186483322085,0.4714813516677915,EnVyUs,FlyQuest,LCS
0.44766123325784773,0.5523387667421522,Echo Fox,Phoenix1,LCS
0.47927585644211046,0.5207241435578895,Echo Fox,Phoenix1,LCS
0.7602884243124621,0.23971157568753787,Immortals,Team Liquid,LCS
0.7702028687444291,0.22979713125557089,Immortals,Team Liquid,LCS
0.7697686575526601,0.2302313424473399,Team SoloMid,FlyQuest,LCS
0.7790292253923786,0.22097077460762138,Team SoloMid,FlyQuest,LCS
0.62228132882337,0.37771867117663005,Counter Logic Gaming,EnVyUs,LCS
0.6424963498766043,0.3575036501233957,Counter Logic Gaming,EnVyUs,LCS
0.3982494421631646,0.6017505578368354,Dignitas,Immortals,LCS
0.5681252450622423,0.43187475493775773,Immortals,Dignitas,LCS
0.40765956395120906,0.5923404360487909,Dignitas,Immortals,LCS
0.21984379676541776,0.7801562032345822,Team Liquid,Cloud9,LCS
0.7478049293423369,0.2521950706576631,Cloud9,Team Liquid,LCS
0.7585981718067961,0.24140182819320388,Cloud9,Team Liquid,LCS
0.7233534707790304,0.27664652922096955,Cloud9,FlyQuest,LCS
0.7359177187203263,0.2640822812796737,Cloud9,FlyQuest,LCS
0.7262134530022176,0.2737865469977824,Counter Logic Gaming,Phoenix1,LCS
0.26143240081960456,0.7385675991803955,Phoenix1,Counter Logic Gaming,LCS
0.2955716355161498,0.7044283644838503,Phoenix1,Counter Logic Gaming,LCS
0.7541438295205446,0.2458561704794554,Team SoloMid,EnVyUs,LCS
0.23551156298722814,0.7644884370127718,EnVyUs,Team SoloMid,LCS
0.7313370708832672,0.26866292911673284,Team SoloMid,EnVyUs,LCS
0.6780604852229719,0.3219395147770281,Dignitas,Echo Fox,LCS
0.30597552266258793,0.694024477337412,Echo Fox,Dignitas,LCS
0.659080000733658,0.340919999266342,Dignitas,Echo Fox,LCS
0.664485390608935,0.33551460939106503,Immortals,EnVyUs,LCS
0.6814845256357185,0.3185154743642815,Immortals,EnVyUs,LCS
0.5156556598939672,0.4843443401060328,Counter Logic Gaming,Dignitas,LCS
0.45656785433418035,0.5434321456658197,Dignitas,Counter Logic Gaming,LCS
0.51225695557837,0.48774304442162997,Counter Logic Gaming,Dignitas,LCS
0.7797841255811281,0.22021587441887192,Team SoloMid,Phoenix1,LCS
0.7883678860506756,0.21163211394932435,Team SoloMid,Phoenix1,LCS
0.7067949066119336,0.29320509338806644,Cloud9,EnVyUs,LCS
0.7205882033518305,0.2794117966481695,Cloud9,EnVyUs,LCS
0.7415116959508107,0.2584883040491893,Immortals,Echo Fox,LCS
0.7527549175723224,0.24724508242767762,Immortals,Echo Fox,LCS
0.5441802490579307,0.4558197509420693,FlyQuest,Team Liquid,LCS
0.429929337129059,0.570070662870941,Team Liquid,FlyQuest,LCS
0.5376475709325521,0.4623524290674479,FlyQuest,Team Liquid,LCS
0.7727517756772372,0.22724822432276282,Cloud9,Echo Fox,LCS
0.7818091974986937,0.2181908025013063,Cloud9,Echo Fox,LCS
0.7092007145025708,0.29079928549742917,Dignitas,Team Liquid,LCS
0.2771857723244306,0.7228142276755694,Team Liquid,Dignitas,LCS
0.6361057677033365,0.3638942322966635,Team SoloMid,Counter Logic Gaming,LCS
0.6552712372288091,0.3447287627711909,Team SoloMid,Counter Logic Gaming,LCS
0.5024575749132983,0.49754242508670166,FlyQuest,Phoenix1,LCS
0.5310584000013676,0.4689415999986324,FlyQuest,Phoenix1,LCS
0.3593089353473576,0.6406910646526425,Dignitas,Cloud9,LCS
0.3939257054201965,0.6060742945798034,Dignitas,Cloud9,LCS
0.5723110569592419,0.4276889430407581,Cloud9,Dignitas,LCS
0.4037737518384888,0.5962262481615113,Dignitas,Cloud9,LCS
0.6488835421648218,0.3511164578351782,Counter Logic Gaming,EnVyUs,LCS
0.3329255308556519,0.6670744691443481,EnVyUs,Counter Logic Gaming,LCS
0.36786585460506155,0.6321341453949385,EnVyUs,Counter Logic Gaming,LCS
0.597685124886795,0.40231487511320496,Counter Logic Gaming,EnVyUs,LCS
0.6197448622353224,0.38025513776467756,Counter Logic Gaming,EnVyUs,LCS
0.5897698874172336,0.4102301125827664,Immortals,Counter Logic Gaming,LCS
0.6124145688370586,0.3875854311629414,Immortals,Counter Logic Gaming,LCS
0.6333738083700325,0.36662619162996746,Immortals,Counter Logic Gaming,LCS
0.6655717934961397,0.3344282065038603,Team SoloMid,Dignitas,LCS
0.682487976706546,0.31751202329345396,Team SoloMid,Dignitas,LCS
0.30188471047489723,0.6981152895251028,Dignitas,Team SoloMid,LCS
0.6632010636513564,0.33679893634864355,Team SoloMid,Dignitas,LCS
0.4617990343488135,0.5382009656511866,Counter Logic Gaming,Dignitas,LCS
0.4927062987635016,0.5072937012364984,Counter Logic Gaming,Dignitas,LCS
0.52189394508628,0.47810605491372005,Counter Logic Gaming,Dignitas,LCS
0.5688371493959496,0.43116285060405035,Team SoloMid,Immortals,LCS
0.4069985452440544,0.5930014547559457,Immortals,Team SoloMid,LCS
0.5596751090816013,0.44032489091839866,Team SoloMid,Immortals,LCS
0.5844897990044572,0.4155102009955428,Team SoloMid,Immortals,LCS
0.39478722437464386,0.6052127756253561,FlyQuest,Dignitas,LCS
0.42852350756535,0.57147649243465,FlyQuest,Dignitas,LCS
0.46100673391998365,0.5389932660800163,FlyQuest,Dignitas,LCS
0.3947407407388555,0.6052592592611445,FlyQuest,Counter Logic Gaming,LCS
0.571521514997676,0.428478485002324,Counter Logic Gaming,FlyQuest,LCS
0.5954934401638142,0.4045065598361858,Counter Logic Gaming,FlyQuest,LCS
0.5590757691607658,0.44092423083923415,Cloud9,Counter Logic Gaming,LCS
0.5839326526781949,0.41606734732180506,Cloud9,Counter Logic Gaming,LCS
0.392994660374171,0.607005339625829,Counter Logic Gaming,Cloud9,LCS
0.5732132697225347,0.4267867302774653,Cloud9,Counter Logic Gaming,LCS
0.1472222252672695,0.8527777747327305,Team Liquid,Team SoloMid,LCS
0.5,0.5,100 Thieves,OpTic Gaming,LCS
0.5,0.5,Clutch Gaming,Golden Guardians,LCS
0.39024966429502894,0.6097503357049711,Echo Fox,FlyQuest,LCS
0.5970635488102952,0.4029364511897048,Cloud9,Counter Logic Gaming,LCS
0.41614258646416946,0.5838574135358305,Team Liquid,OpTic Gaming,LCS
0.21567522176373247,0.7843247782362676,FlyQuest,Team SoloMid,LCS
0.45694263050445916,0.5430573694955408,100 Thieves,Counter Logic Gaming,LCS
0.7170229837513382,0.2829770162486618,Cloud9,Golden Guardians,LCS
0.3842563970089772,0.6157436029910228,Echo Fox,Clutch Gaming,LCS
0.4533109989703694,0.5466890010296306,Clutch Gaming,Counter Logic Gaming,LCS
0.7651595861506133,0.2348404138493867,Team SoloMid,OpTic Gaming,LCS
0.24365541262551715,0.7563445873744828,Echo Fox,Cloud9,LCS
0.6299226039381026,0.3700773960618974,100 Thieves,Team Liquid,LCS
0.5363243959408917,0.46367560405910835,FlyQuest,Golden Guardians,LCS
0.2489049850825632,0.7510950149174368,Echo Fox,Team SoloMid,LCS
0.610382139225628,0.389617860774372,Cloud9,100 Thieves,LCS
0.41413227688729254,0.5858677231127074,OpTic Gaming,FlyQuest,LCS
0.5756663275387028,0.42433367246129716,Counter Logic Gaming,Golden Guardians,LCS
0.3815155138553215,0.6184844861446785,Team Liquid,Clutch Gaming,LCS
0.5205738874703648,0.4794261125296352,Counter Logic Gaming,Echo Fox,LCS
0.7230774282033808,0.27692257179661917,Cloud9,OpTic Gaming,LCS
0.560698892073217,0.439301107926783,100 Thieves,Clutch Gaming,LCS
0.4415510826425356,0.5584489173574644,Team Liquid,FlyQuest,LCS
0.7677157495836427,0.23228425041635725,Team SoloMid,Golden Guardians,LCS
0.5408677584786412,0.4591322415213588,Echo Fox,OpTic Gaming,LCS
0.64813934604156,0.35186065395844,Team SoloMid,100 Thieves,LCS
0.5558392084816479,0.4441607915183521,Team Liquid,Golden Guardians,LCS
0.7299200988714516,0.2700799011285484,Cloud9,Clutch Gaming,LCS
0.5951395626797314,0.40486043732026855,Counter Logic Gaming,FlyQuest,LCS
0.23917768964210132,0.7608223103578987,Clutch Gaming,Team SoloMid,LCS
0.7294871171828655,0.2705128828171345,Cloud9,Team Liquid,LCS
0.3512752444222765,0.6487247555777236,OpTic Gaming,Counter Logic Gaming,LCS
0.38823642773243233,0.6117635722675676,FlyQuest,100 Thieves,LCS
0.6285149417015271,0.3714850582984729,Echo Fox,Golden Guardians,LCS
0.7473417049683607,0.2526582950316393,Cloud9,FlyQuest,LCS
0.3433563627253889,0.6566436372746112,Golden Guardians,100 Thieves,LCS
0.6539407986517219,0.34605920134827806,Team SoloMid,Counter Logic Gaming,LCS
0.5626515781270209,0.43734842187297907,Echo Fox,Team Liquid,LCS
0.5344011343873173,0.4655988656126827,Clutch Gaming,OpTic Gaming,LCS
0.41839429297945624,0.5816057070205438,Team Liquid,Counter Logic Gaming,LCS
0.5615814348982404,0.4384185651017596,Echo Fox,100 Thieves,LCS
0.533655262611802,0.46634473738819804,Cloud9,Team SoloMid,LCS
0.5559979384200112,0.4440020615799888,Clutch Gaming,FlyQuest,LCS
0.5390326757863526,0.4609673242136474,OpTic Gaming,Golden Guardians,LCS
0.344541529422777,0.6554584705772231,Clutch Gaming,Team SoloMid,LCS
0.39813264500585305,0.6018673549941469,Golden Guardians,Team Liquid,LCS
0.30629221739730306,0.6937077826026969,Echo Fox,Cloud9,LCS
0.47005054634782056,0.5299494536521794,100 Thieves,Counter Logic Gaming,LCS
0.4795542302212796,0.5204457697787204,FlyQuest,OpTic Gaming,LCS
0.26988267336363836,0.7301173266363616,100 Thieves,Cloud9,LCS
0.5974342631995117,0.40256573680048835,Clutch Gaming,Counter Logic Gaming,LCS
0.5555069445096897,0.44449305549031026,Team SoloMid,Echo Fox,LCS
0.5289868445975408,0.47101315540245925,OpTic Gaming,Golden Guardians,LCS
0.4816992449762246,0.5183007550237754,Team Liquid,FlyQuest,LCS
0.7180650094180377,0.28193499058196225,Team SoloMid,OpTic Gaming,LCS
0.5833738433303335,0.4166261566696665,100 Thieves,FlyQuest,LCS
0.6340181863473888,0.3659818136526112,Echo Fox,Team Liquid,LCS
0.4284673523749065,0.5715326476250935,Golden Guardians,Counter Logic Gaming,LCS
0.6225972016836087,0.37740279831639134,Cloud9,Clutch Gaming,LCS
0.40597434096921986,0.5940256590307802,Team Liquid,100 Thieves,LCS
0.7313182691399431,0.26868173086005687,Team SoloMid,FlyQuest,LCS
0.2502429478718842,0.7497570521281158,Counter Logic Gaming,Cloud9,LCS
0.30779332972527484,0.6922066702747252,Golden Guardians,Echo Fox,LCS
0.6318272218005626,0.3681727781994374,Clutch Gaming,OpTic Gaming,LCS
0.49943611350123035,0.5005638864987696,Counter Logic Gaming,Team Liquid,LCS
0.6563063579797977,0.34369364202020225,Echo Fox,OpTic Gaming,LCS
0.3389283586566136,0.6610716413433864,100 Thieves,Team SoloMid,LCS
0.7479694048762233,0.2520305951237767,Cloud9,Golden Guardians,LCS
0.6490586421125033,0.3509413578874967,Clutch Gaming,FlyQuest,LCS
0.49469919230386217,0.5053008076961378,Clutch Gaming,Echo Fox,LCS
0.5614474521477165,0.4385525478522835,Counter Logic Gaming,FlyQuest,LCS
0.7599133174721818,0.24008668252781817,Cloud9,OpTic Gaming,LCS
0.7096010864031798,0.29039891359682024,Team SoloMid,Team Liquid,LCS
0.6258293988214403,0.3741706011785597,100 Thieves,Golden Guardians,LCS
0.4106663244299813,0.5893336755700187,Counter Logic Gaming,Echo Fox,LCS
0.49883185000977254,0.5011681499902274,FlyQuest,Golden Guardians,LCS
0.34224976841285604,0.657750231587144,Team Liquid,Clutch Gaming,LCS
0.47257023954924593,0.5274297604507541,Team SoloMid,Cloud9,LCS
0.6436967431645051,0.3563032568354949,100 Thieves,OpTic Gaming,LCS
0.47940302696503684,0.5205969730349631,100 Thieves,Clutch Gaming,LCS
0.6419141596025316,0.3580858403974684,Echo Fox,FlyQuest,LCS
0.2821757492475329,0.717824250752467,Team Liquid,Cloud9,LCS
0.7729694889358124,0.2270305110641876,Team SoloMid,Golden Guardians,LCS
0.3909929185097536,0.6090070814902464,OpTic Gaming,Counter Logic Gaming,LCS
0.2570425308331858,0.7429574691668142,FlyQuest,Cloud9,LCS
0.6787162429315147,0.32128375706848533,Clutch Gaming,Golden Guardians,LCS
0.701093928549207,0.29890607145079295,Team SoloMid,Counter Logic Gaming,LCS
0.5058857985796692,0.4941142014203308,100 Thieves,Echo Fox,LCS
0.5662624530394996,0.4337375469605004,Team Liquid,OpTic Gaming,LCS
0.5342757277677739,0.4657242722322261,100 Thieves,Echo Fox,LCS
0.34684476734756986,0.6531552326524301,Team Liquid,Cloud9,LCS
0.6287775629455594,0.3712224370544406,Team SoloMid,Clutch Gaming,LCS
0.6986387452303862,0.30136125476961384,Team SoloMid,Team Liquid,LCS
0.5632031349808462,0.4367968650191538,Cloud9,Clutch Gaming,LCS
0.3618077576424083,0.6381922423575916,Team Liquid,Cloud9,LCS
0.39637860376039863,0.6036213962396013,Team Liquid,Cloud9,LCS
0.43006440504616833,0.5699355949538316,Team Liquid,Cloud9,LCS
0.6676192403848921,0.33238075961510793,Team SoloMid,Clutch Gaming,LCS
0.31562087024677543,0.6843791297532246,Clutch Gaming,Team SoloMid,LCS
0.3506037962583365,0.6493962037416635,Clutch Gaming,Team SoloMid,LCS
0.3853603686729062,0.6146396313270939,Clutch Gaming,Team SoloMid,LCS
0.5090945075249387,0.4909054924750613,Team Liquid,Echo Fox,LCS
0.46271503893389626,0.5372849610661037,Echo Fox,Team Liquid,LCS
0.5064253401136427,0.4935746598863573,Team Liquid,Echo Fox,LCS
0.5347818672689534,0.4652181327310466,Team Liquid,Echo Fox,LCS
0.504481758933471,0.495518241066529,100 Thieves,Clutch Gaming,LCS
0.46704165775276874,0.5329583422472313,Clutch Gaming,100 Thieves,LCS
0.5023266367031699,0.4976733632968301,100 Thieves,Clutch Gaming,LCS
0.4690645295262688,0.5309354704737312,Clutch Gaming,100 Thieves,LCS
0.5004119325993613,0.49958806740063866,100 Thieves,Clutch Gaming,LCS
0.4298909959990275,0.5701090040009724,Echo Fox,Clutch Gaming,LCS
0.46231573593020464,0.5376842640697954,Echo Fox,Clutch Gaming,LCS
0.49319615194095345,0.5068038480590465,Echo Fox,Clutch Gaming,LCS
0.46194745827140266,0.5380525417285973,Team Liquid,100 Thieves,LCS
0.49284701741629333,0.5071529825837067,Team Liquid,100 Thieves,LCS
0.5220263368213973,0.4779736631786027,Team Liquid,100 Thieves,LCS
0.6156481135079988,0.38435188649200125,Team SoloMid,Echo Fox,LCS
0.5493933566725019,0.4506066433274981,Team Liquid,100 Thieves,LCS
0.70202711721526,0.29797288278474,Team SoloMid,Counter Logic Gaming,LCS
0.451311068727303,0.548688931272697,Clutch Gaming,Cloud9,LCS
0.5272380754323323,0.47276192456766775,OpTic Gaming,Golden Guardians,LCS
0.7551621007563666,0.24483789924363342,Team SoloMid,FlyQuest,LCS
0.23306548848338626,0.7669345115166137,Golden Guardians,Team Liquid,LCS
0.41372718193145464,0.5862728180685454,Counter Logic Gaming,100 Thieves,LCS
0.48367603395976955,0.5163239660402305,Echo Fox,Clutch Gaming,LCS
0.6364837205401331,0.36351627945986686,Cloud9,OpTic Gaming,LCS
0.6592694374179064,0.34073056258209355,Echo Fox,FlyQuest,LCS
0.6120012805163495,0.3879987194836505,Team Liquid,Counter Logic Gaming,LCS
0.33010975272705007,0.66989024727295,Clutch Gaming,Team SoloMid,LCS
0.31724703922214814,0.6827529607778519,OpTic Gaming,Echo Fox,LCS
0.6219267111108002,0.3780732888891998,100 Thieves,FlyQuest,LCS
0.3146612865497138,0.6853387134502862,Golden Guardians,Cloud9,LCS
0.4391487827208835,0.5608512172791165,FlyQuest,OpTic Gaming,LCS
0.4936217787232326,0.5063782212767673,100 Thieves,Cloud9,LCS
0.4404402191916913,0.5595597808083087,Team Liquid,Team SoloMid,LCS
0.3980257035148718,0.6019742964851282,Counter Logic Gaming,Clutch Gaming,LCS
0.6370576880031597,0.36294231199684035,Echo Fox,Golden Guardians,LCS
0.6337968396938995,0.36620316030610045,Team SoloMid,Cloud9,LCS
0.5742308844364395,0.42576911556356045,Team Liquid,Echo Fox,LCS
0.5190638019716185,0.4809361980283815,100 Thieves,Clutch Gaming,LCS
0.5031964416979333,0.4968035583020667,FlyQuest,Golden Guardians,LCS
0.5921982459942579,0.40780175400574215,Counter Logic Gaming,OpTic Gaming,LCS
0.767772170606198,0.23222782939380204,Team SoloMid,Golden Guardians,LCS
0.4076352970748556,0.5923647029251444,FlyQuest,Counter Logic Gaming,LCS
0.35090121095310906,0.6490987890468909,Clutch Gaming,Team Liquid,LCS
0.5556448123080349,0.44435518769196514,Echo Fox,Cloud9,LCS
0.6898767603381755,0.31012323966182453,100 Thieves,OpTic Gaming,LCS
0.41451602258554276,0.5854839774144572,Counter Logic Gaming,Echo Fox,LCS
0.4179491341364421,0.5820508658635579,100 Thieves,Team SoloMid,LCS
0.3194367015450757,0.6805632984549244,Golden Guardians,Clutch Gaming,LCS
0.74578202739193,0.25421797260807,Team Liquid,OpTic Gaming,LCS
0.5194459323637088,0.48055406763629116,Cloud9,FlyQuest,LCS
0.28124287880549825,0.7187571211945017,Golden Guardians,100 Thieves,LCS
0.2934233661451985,0.7065766338548015,FlyQuest,Team Liquid,LCS
0.3939948451417876,0.6060051548582124,Echo Fox,Team SoloMid,LCS
0.5195831584828905,0.4804168415171095,Counter Logic Gaming,Cloud9,LCS
0.6540339462978624,0.3459660537021376,Clutch Gaming,OpTic Gaming,LCS
0.5167395629684818,0.4832604370315182,100 Thieves,Echo Fox,LCS
0.3631343247742013,0.6368656752257986,Cloud9,Team Liquid,LCS
0.24282304768788504,0.757176952312115,OpTic Gaming,Team SoloMid,LCS
0.39007699018799624,0.6099230098120038,Golden Guardians,Counter Logic Gaming,LCS
0.43430690379255427,0.5656930962074458,FlyQuest,Clutch Gaming,LCS
0.37285251709019823,0.6271474829098018,OpTic Gaming,Cloud9,LCS
0.3800458911207667,0.6199541088792333,FlyQuest,100 Thieves,LCS
0.5706245643117964,0.4293754356882036,Team Liquid,Counter Logic Gaming,LCS
0.5799231972206158,0.4200768027793842,Team SoloMid,Clutch Gaming,LCS
0.5893904824089412,0.4106095175910588,Echo Fox,Golden Guardians,LCS
0.37211602040807623,0.6278839795919238,Cloud9,Team SoloMid,LCS
0.4187530923767286,0.5812469076232714,OpTic Gaming,Counter Logic Gaming,LCS
0.5462328725026918,0.4537671274973082,Echo Fox,FlyQuest,LCS
0.6581037922603683,0.3418962077396317,Team Liquid,Golden Guardians,LCS
0.601742312594869,0.398257687405131,100 Thieves,Clutch Gaming,LCS
0.4259255485576035,0.5740744514423965,FlyQuest,Team SoloMid,LCS
0.6215928043991711,0.3784071956008289,100 Thieves,Counter Logic Gaming,LCS
0.6391821824022478,0.3608178175977522,Team Liquid,Clutch Gaming,LCS
0.4085350879447105,0.5914649120552895,Cloud9,Echo Fox,LCS
0.4939563929376238,0.5060436070623762,OpTic Gaming,Golden Guardians,LCS
0.5163339421340895,0.48366605786591055,Team Liquid,100 Thieves,LCS
0.5489313594660684,0.4510686405339316,Cloud9,Clutch Gaming,LCS
0.6044629124781797,0.39553708752182026,Echo Fox,Counter Logic Gaming,LCS
0.4108217382563873,0.5891782617436128,OpTic Gaming,FlyQuest,LCS
0.6500419573169026,0.3499580426830974,Team SoloMid,Golden Guardians,LCS
0.6233947065314122,0.37660529346858784,Team Liquid,FlyQuest,LCS
0.5714403377543822,0.4285596622456178,Cloud9,Counter Logic Gaming,LCS
0.4986739533465687,0.5013260466534313,Echo Fox,Team SoloMid,LCS
0.6797511323472689,0.3202488676527311,100 Thieves,Golden Guardians,LCS
0.49159460715955605,0.508405392840444,Clutch Gaming,OpTic Gaming,LCS
0.5093191217422013,0.4906808782577987,100 Thieves,Echo Fox,LCS
0.6348935996803173,0.36510640031968267,Cloud9,Golden Guardians,LCS
0.625298212296939,0.37470178770306095,Team SoloMid,Counter Logic Gaming,LCS
0.6965196015171906,0.3034803984828094,Team Liquid,OpTic Gaming,LCS
0.5390801777154366,0.4609198222845634,FlyQuest,Clutch Gaming,LCS
0.35692622808248264,0.6430737719175174,OpTic Gaming,Echo Fox,LCS
0.5624752811670601,0.43752471883293986,Clutch Gaming,Golden Guardians,LCS
0.4598953931735902,0.5401046068264098,Team SoloMid,100 Thieves,LCS
0.3895461547873325,0.6104538452126675,Cloud9,Team Liquid,LCS
0.5861884461433915,0.4138115538566085,FlyQuest,Counter Logic Gaming,LCS
0.578271815232748,0.42172818476725205,Team Liquid,Echo Fox,LCS
0.46130400468997956,0.5386959953100204,Cloud9,100 Thieves,LCS
0.637926545729998,0.36207345427000204,Team SoloMid,OpTic Gaming,LCS
0.6483965775454527,0.35160342245454734,FlyQuest,Golden Guardians,LCS
0.4542598822679785,0.5457401177320216,Counter Logic Gaming,Clutch Gaming,LCS
0.35837094822061033,0.6416290517793897,OpTic Gaming,100 Thieves,LCS
0.5675334826910438,0.43246651730895624,Counter Logic Gaming,Golden Guardians,LCS
0.601875343417005,0.398124656582995,Echo Fox,Clutch Gaming,LCS
0.5417852313833602,0.4582147686166398,Cloud9,FlyQuest,LCS
0.4509502287052456,0.5490497712947544,Team SoloMid,Team Liquid,LCS
0.44192989950686506,0.558070100493135,Echo Fox,Team SoloMid,LCS
0.5442514436666593,0.45574855633334066,100 Thieves,FlyQuest,LCS
0.5914775084488086,0.40852249155119136,Team SoloMid,FlyQuest,LCS
0.504291476031252,0.495708523968748,100 Thieves,Echo Fox,LCS
0.5520448964312858,0.44795510356871415,Team SoloMid,Echo Fox,LCS
0.42260666701182165,0.5773933329881784,Echo Fox,Team SoloMid,LCS
0.4553363401715527,0.5446636598284473,Echo Fox,Team SoloMid,LCS
0.5134264386389815,0.4865735613610185,Team SoloMid,Echo Fox,LCS
0.5413444740258122,0.4586555259741878,Team SoloMid,Echo Fox,LCS
0.5954431223254285,0.4045568776745715,100 Thieves,FlyQuest,LCS
0.617669048820609,0.382330951179391,100 Thieves,FlyQuest,LCS
0.6382325587807054,0.3617674412192946,100 Thieves,FlyQuest,LCS
0.530665149455695,0.469334850544305,Team SoloMid,Cloud9,LCS
0.44253428032174597,0.557465719678254,Cloud9,Team SoloMid,LCS
0.5256080378399572,0.47439196216004276,Team SoloMid,Cloud9,LCS
0.4472582709064583,0.5527417290935417,Cloud9,Team SoloMid,LCS
0.4788922637384328,0.5211077362615673,Cloud9,Team SoloMid,LCS
0.4917479616124135,0.5082520383875865,100 Thieves,Team Liquid,LCS
0.47900779589025444,0.5209922041097456,Team Liquid,100 Thieves,LCS
0.50898520324332,0.49101479675668,Team Liquid,100 Thieves,LCS
0.5371824845462502,0.46281751545374983,Team Liquid,100 Thieves,LCS
0.4978202606151869,0.5021797393848131,100 Thieves,Team SoloMid,LCS
0.47329739349475813,0.5267026065052418,Team SoloMid,100 Thieves,LCS
0.49640865886173086,0.5035913411382691,100 Thieves,Team SoloMid,LCS
0.47462417584527955,0.5253758241547204,Team SoloMid,100 Thieves,LCS
0.5048452668708849,0.49515473312911507,Team SoloMid,100 Thieves,LCS
0.5526405402164551,0.44735945978354485,Team Liquid,Cloud9,LCS
0.5779475835568895,0.42205241644311053,Team Liquid,Cloud9,LCS
0.6014558434550417,0.39854415654495834,Team Liquid,Cloud9,LCS
0.6179655087189954,0.38203449128100464,Echo Fox,Clutch Gaming,LCS
0.6385066492588811,0.3614933507411189,Echo Fox,Clutch Gaming,LCS
0.657489248066248,0.342510751933752,Echo Fox,Clutch Gaming,LCS
0.5323316943908728,0.4676683056091272,Team SoloMid,Echo Fox,LCS
0.5590215688225472,0.44097843117745283,Team SoloMid,Echo Fox,LCS
0.4310863014837998,0.5689136985162002,Cloud9,Team SoloMid,LCS
0.4634594555382504,0.5365405444617496,Cloud9,Team SoloMid,LCS
0.4942801998227556,0.5057198001772444,Cloud9,Team SoloMid,LCS
0.5787903763875595,0.4212096236124405,Team Liquid,Cloud9,LCS
0.5131254387411266,0.4868745612588734,Team SoloMid,100 Thieves,LCS
0.5153424110686798,0.48465758893132016,OpTic Gaming,Counter Logic Gaming,LCS
0.6125982829066434,0.3874017170933566,FlyQuest,Golden Guardians,LCS
0.34833191527326596,0.651668084726734,Clutch Gaming,Echo Fox,LCS
0.5014723987590707,0.4985276012409293,FlyQuest,OpTic Gaming,LCS
0.5487644953025349,0.4512355046974651,Cloud9,100 Thieves,LCS
0.7639188067397742,0.2360811932602258,Team Liquid,Counter Logic Gaming,LCS
0.32160285874988637,0.6783971412501136,Clutch Gaming,Team SoloMid,LCS
0.686038217975606,0.31396178202439395,Echo Fox,Golden Guardians,LCS
0.5455459930266884,0.4544540069733116,Team SoloMid,Echo Fox,LCS
0.7799606570478574,0.22003934295214256,Cloud9,Golden Guardians,LCS
0.6789509096013164,0.32104909039868357,Team Liquid,100 Thieves,LCS
0.3987733803683713,0.6012266196316287,Counter Logic Gaming,FlyQuest,LCS
0.4883685974181539,0.511631402581846,OpTic Gaming,Clutch Gaming,LCS
0.7042418217420662,0.2957581782579338,100 Thieves,Golden Guardians,LCS
0.5355036697267395,0.46449633027326054,Echo Fox,OpTic Gaming,LCS
0.7661754873868828,0.2338245126131172,Team Liquid,Clutch Gaming,LCS
0.37156478327373627,0.6284352167262637,FlyQuest,Team SoloMid,LCS
0.305516063104671,0.6944839368953291,Counter Logic Gaming,Cloud9,LCS
0.6023380051261906,0.3976619948738094,100 Thieves,Clutch Gaming,LCS
0.7241514347412211,0.2758485652587789,Team Liquid,FlyQuest,LCS
0.528478337877941,0.47152166212205904,Cloud9,Team SoloMid,LCS
0.4300439352062975,0.5699560647937025,Counter Logic Gaming,Echo Fox,LCS
0.3352144697413511,0.664785530258649,Golden Guardians,OpTic Gaming,LCS
0.5168462564002659,0.48315374359973406,Echo Fox,FlyQuest,LCS
0.7062725329471065,0.29372746705289354,Cloud9,Clutch Gaming,LCS
0.7953403312755486,0.2046596687244514,Team Liquid,OpTic Gaming,LCS
0.2827638344457753,0.7172361655542248,Golden Guardians,Team SoloMid,LCS
0.5546796714633742,0.44532032853662584,100 Thieves,Counter Logic Gaming,LCS
0.6012567060201222,0.39874329397987784,Team SoloMid,OpTic Gaming,LCS
0.8417046683541957,0.15829533164580434,Team Liquid,Golden Guardians,LCS
0.6061885649379194,0.3938114350620806,Cloud9,Echo Fox,LCS
0.39602244685074867,0.6039775531492513,FlyQuest,100 Thieves,LCS
0.5806192421061345,0.41938075789386553,Counter Logic Gaming,Clutch Gaming,LCS
0.47062781382808094,0.5293721861719191,Echo Fox,100 Thieves,LCS
0.3553737415993533,0.6446262584006467,Golden Guardians,Counter Logic Gaming,LCS
0.2727447600648474,0.7272552399351526,Team SoloMid,Team Liquid,LCS
0.6244481984386084,0.37555180156139156,FlyQuest,Clutch Gaming,LCS
0.7461357181254514,0.25386428187454857,Cloud9,OpTic Gaming,LCS
0.36581396229938734,0.6341860377006127,OpTic Gaming,100 Thieves,LCS
0.6922879896684605,0.3077120103315395,Team Liquid,Echo Fox,LCS
0.4739368061403361,0.5260631938596638,Clutch Gaming,Golden Guardians,LCS
0.6517083146005582,0.3482916853994418,Cloud9,FlyQuest,LCS
0.6070459749775602,0.3929540250224398,Team SoloMid,Counter Logic Gaming,LCS
0.33369823215425637,0.6663017678457437,Golden Guardians,Echo Fox,LCS
0.5318915198391522,0.46810848016084783,OpTic Gaming,Clutch Gaming,LCS
0.7301940401650532,0.2698059598349468,Cloud9,Counter Logic Gaming,LCS
0.5901409661226075,0.40985903387739253,Team SoloMid,FlyQuest,LCS
0.7495653273025411,0.2504346726974589,Team Liquid,100 Thieves,LCS
0.6144996470859138,0.38550035291408624,100 Thieves,Clutch Gaming,LCS
0.6180156602272407,0.38198433977275925,Team SoloMid,Echo Fox,LCS
0.7821582355372492,0.21784176446275083,Cloud9,Golden Guardians,LCS
0.45004517808077965,0.5499548219192203,Counter Logic Gaming,FlyQuest,LCS
0.7936567382235132,0.20634326177648676,Team Liquid,OpTic Gaming,LCS
0.3594769939753144,0.6405230060246856,Clutch Gaming,Echo Fox,LCS
0.38981503905593473,0.6101849609440653,Golden Guardians,100 Thieves,LCS
0.5878873534429377,0.41211264655706226,Cloud9,Team SoloMid,LCS
0.7906797509582587,0.2093202490417413,Team Liquid,Counter Logic Gaming,LCS
0.46519364404887936,0.5348063559511207,OpTic Gaming,FlyQuest,LCS
0.4580963429686958,0.5419036570313043,Golden Guardians,Counter Logic Gaming,LCS
0.5596126109718308,0.4403873890281692,Team Liquid,Cloud9,LCS
0.633653709604642,0.36634629039535804,Team SoloMid,100 Thieves,LCS
0.5925251491842735,0.40747485081572654,FlyQuest,Clutch Gaming,LCS
0.4819972503020087,0.5180027496979913,OpTic Gaming,Echo Fox,LCS
0.8225246371854668,0.17747536281453324,Team Liquid,Golden Guardians,LCS
0.5127009328996415,0.48729906710035853,FlyQuest,Echo Fox,LCS
0.6570032718253396,0.3429967281746604,Team SoloMid,OpTic Gaming,LCS
0.7289951469350681,0.27100485306493194,Cloud9,100 Thieves,LCS
0.42005344351032287,0.5799465564896771,Clutch Gaming,Counter Logic Gaming,LCS
0.45775539203825966,0.5422446079617403,Counter Logic Gaming,OpTic Gaming,LCS
0.8540260667539292,0.14597393324607078,Team Liquid,Clutch Gaming,LCS
0.24199812533768233,0.7580018746623176,Echo Fox,Cloud9,LCS
0.7099668032241189,0.29003319677588113,Team SoloMid,Golden Guardians,LCS
0.5182905997391563,0.48170940026084375,FlyQuest,100 Thieves,LCS
0.5437717537031563,0.45622824629684366,Golden Guardians,Clutch Gaming,LCS
0.7413640039393952,0.25863599606060483,Cloud9,OpTic Gaming,LCS
0.5132225851757637,0.4867774148242363,Echo Fox,100 Thieves,LCS
0.21920445379065262,0.7807955462093474,FlyQuest,Team Liquid,LCS
0.7045982184925003,0.29540178150749974,Team SoloMid,Counter Logic Gaming,LCS
0.4862689233687844,0.5137310766312155,Golden Guardians,OpTic Gaming,LCS
0.22173505305439514,0.7782649469456049,Echo Fox,Team Liquid,LCS
0.7727801253295321,0.2272198746704679,Team SoloMid,Clutch Gaming,LCS
0.684794413322046,0.31520558667795395,Cloud9,FlyQuest,LCS
0.48614335247723295,0.513856647522767,Counter Logic Gaming,100 Thieves,LCS
0.42647863937741715,0.5735213606225829,Golden Guardians,FlyQuest,LCS
0.5623904374514922,0.4376095625485078,Echo Fox,Counter Logic Gaming,LCS
0.8191496925590469,0.1808503074409531,Cloud9,Clutch Gaming,LCS
0.395813191187941,0.604186808812059,Team SoloMid,Team Liquid,LCS
0.4983330801328986,0.5016669198671013,OpTic Gaming,100 Thieves,LCS
0.5409517406703291,0.45904825932967086,FlyQuest,Golden Guardians,LCS
0.43293790680077426,0.5670620931992257,Golden Guardians,FlyQuest,LCS
0.5347696967024755,0.46523030329752446,FlyQuest,Golden Guardians,LCS
0.438703165640142,0.561296834359858,Golden Guardians,FlyQuest,LCS
0.5292623932139124,0.47073760678608756,FlyQuest,Golden Guardians,LCS
0.5561557887376684,0.44384421126233164,FlyQuest,Golden Guardians,LCS
0.337910760222691,0.662089239777309,Echo Fox,Team SoloMid,LCS
0.6271867761890698,0.3728132238109302,Team SoloMid,Echo Fox,LCS
0.6470301494815743,0.35296985051842567,Team SoloMid,Echo Fox,LCS
0.6653625915996441,0.33463740840035594,Team SoloMid,Echo Fox,LCS
0.5348442963834237,0.4651557036165763,Cloud9,Team SoloMid,LCS
0.5613664397162819,0.43863356028371814,Cloud9,Team SoloMid,LCS
0.41393817940544575,0.5860618205945543,Team SoloMid,Cloud9,LCS
0.4470090189629814,0.5529909810370186,Team SoloMid,Cloud9,LCS
0.4786549703282061,0.5213450296717939,Team SoloMid,Cloud9,LCS
0.7214934992918062,0.2785065007081938,Team Liquid,FlyQuest,LCS
0.7341947570821975,0.2658052429178025,Team Liquid,FlyQuest,LCS
0.7459664683467988,0.2540335316532012,Team Liquid,FlyQuest,LCS
0.4396044671525546,0.5603955328474455,Team SoloMid,Team Liquid,LCS
0.4715977037490886,0.5284022962509114,Team SoloMid,Team Liquid,LCS
0.49801563383728165,0.5019843661627184,Team Liquid,Team SoloMid,LCS
0.5268862077513681,0.4731137922486319,Team Liquid,Team SoloMid,LCS
0.5539361049953703,0.44606389500462973,Team Liquid,Team SoloMid,LCS
0.7023112521121455,0.2976887478878545,Cloud9,FlyQuest,LCS
0.5791529525689092,0.4208470474310908,Team Liquid,Team SoloMid,LCS
0.5175562684542758,0.4824437315457242,Counter Logic Gaming,100 Thieves,LCS
0.5941424329190053,0.40585756708099474,OpTic Gaming,Clutch Gaming,LCS
0.43110218385007276,0.5688978161499272,Golden Guardians,Echo Fox,LCS
0.5714615996990406,0.42853840030095935,OpTic Gaming,100 Thieves,LCS
0.7184855866137287,0.28151441338627126,Team SoloMid,Counter Logic Gaming,LCS
0.2088472748706198,0.7911527251293802,Echo Fox,Team Liquid,LCS
0.8566744030343704,0.14332559696562963,Team Liquid,Clutch Gaming,LCS
0.4782714977350754,0.5217285022649246,Golden Guardians,FlyQuest,LCS
0.8334185702199852,0.16658142978001478,Cloud9,Clutch Gaming,LCS
0.6984418727571079,0.3015581272428921,Cloud9,Echo Fox,LCS
0.8383923658675208,0.16160763413247925,Team Liquid,100 Thieves,LCS
0.27568014105834254,0.7243198589416575,FlyQuest,Team SoloMid,LCS
0.541459553703401,0.45854044629659896,OpTic Gaming,Counter Logic Gaming,LCS
0.3241231289898561,0.6758768710101439,Clutch Gaming,Golden Guardians,LCS
0.18588366475416518,0.8141163352458348,Counter Logic Gaming,Team Liquid,LCS
0.4839538754128315,0.5160461245871685,Clutch Gaming,100 Thieves,LCS
0.6581707151420103,0.3418292848579897,Team SoloMid,Echo Fox,LCS
0.24246386148650811,0.7575361385134919,Golden Guardians,Cloud9,LCS
0.5070656659450539,0.49293433405494613,OpTic Gaming,FlyQuest,LCS
0.748296302538795,0.251703697461205,Team Liquid,FlyQuest,LCS
0.6682256050451629,0.33177439495483707,Cloud9,OpTic Gaming,LCS
0.4728262379790011,0.5271737620209989,Counter Logic Gaming,Echo Fox,LCS
0.779096580648401,0.22090341935159896,Team SoloMid,Clutch Gaming,LCS
0.6581208366434833,0.3418791633565167,Golden Guardians,100 Thieves,LCS
0.7271498365738105,0.2728501634261895,Team Liquid,OpTic Gaming,LCS
0.36033311496990317,0.6396668850300968,100 Thieves,Echo Fox,LCS
0.47325262391482875,0.5267473760851713,Team SoloMid,Cloud9,LCS
0.3984581769657966,0.6015418230342033,Clutch Gaming,FlyQuest,LCS
0.47124428379665523,0.5287557162033447,Counter Logic Gaming,Golden Guardians,LCS
0.7576403535488723,0.24235964645112773,Team Liquid,Golden Guardians,LCS
0.29154998018790174,0.7084500198120982,OpTic Gaming,Team SoloMid,LCS
0.19946855239813213,0.8005314476018679,100 Thieves,Cloud9,LCS
0.5806074722230741,0.4193925277769259,Counter Logic Gaming,FlyQuest,LCS
0.46114464699515234,0.5388553530048477,Clutch Gaming,Echo Fox,LCS
0.6197853493098602,0.3802146506901398,Cloud9,Counter Logic Gaming,LCS
0.4789766328154562,0.5210233671845438,100 Thieves,FlyQuest,LCS
0.6992213183363002,0.3007786816636998,Team SoloMid,Golden Guardians,LCS
0.3677102347342917,0.6322897652657082,Echo Fox,OpTic Gaming,LCS
0.45152007818467127,0.5484799218153287,FlyQuest,Echo Fox,LCS
0.39151147345071063,0.6084885265492894,Cloud9,Team Liquid,LCS
0.7588497645195472,0.24115023548045278,Team SoloMid,100 Thieves,LCS
0.543490959909389,0.456509040090611,OpTic Gaming,Golden Guardians,LCS
0.5972681716590501,0.4027318283409499,Counter Logic Gaming,Clutch Gaming,LCS
0.5328016350199448,0.4671983649800552,Golden Guardians,Echo Fox,LCS
0.7755079232404289,0.22449207675957106,Cloud9,Clutch Gaming,LCS
0.8030752703659404,0.1969247296340596,Team Liquid,100 Thieves,LCS
0.3280537382041267,0.6719462617958734,Counter Logic Gaming,Team SoloMid,LCS
0.38621019337437384,0.6137898066256262,FlyQuest,OpTic Gaming,LCS
0.7655274651599142,0.2344725348400858,Team SoloMid,Clutch Gaming,LCS
0.6864052223178687,0.3135947776821313,Team Liquid,Counter Logic Gaming,LCS
0.48116389189914444,0.5188361081008556,FlyQuest,Golden Guardians,LCS
0.20711433927924958,0.7928856607207504,Echo Fox,Cloud9,LCS
0.3982961567927155,0.6017038432072845,100 Thieves,OpTic Gaming,LCS
0.779837912193876,0.220162087806124,Team Liquid,FlyQuest,LCS
0.5020964379961048,0.4979035620038952,Cloud9,Team SoloMid,LCS
0.3885921312476918,0.6114078687523081,Golden Guardians,Counter Logic Gaming,LCS
0.5064087493471257,0.49359125065287435,100 Thieves,Echo Fox,LCS
0.3951027256728214,0.6048972743271785,Clutch Gaming,OpTic Gaming,LCS
0.6605358719419169,0.3394641280580831,Cloud9,Counter Logic Gaming,LCS
0.7638278908358398,0.2361721091641602,Cloud9,100 Thieves,LCS
0.7016365051834463,0.29836349481655366,Team SoloMid,Golden Guardians,LCS
0.5805475601319334,0.4194524398680666,Counter Logic Gaming,FlyQuest,LCS
0.8262679378923911,0.17373206210760894,Team Liquid,Clutch Gaming,LCS
0.5712232973727132,0.42877670262728684,OpTic Gaming,Echo Fox,LCS
0.7888681793548786,0.21113182064512137,Team Liquid,Golden Guardians,LCS
0.32678842155801513,0.6732115784419849,Counter Logic Gaming,Cloud9,LCS
0.2996219429694468,0.7003780570305532,OpTic Gaming,Team SoloMid,LCS
0.5073936888097735,0.49260631119022646,Clutch Gaming,Echo Fox,LCS
0.4790593792075204,0.5209406207924796,100 Thieves,FlyQuest,LCS
0.7662193312530108,0.23378066874698922,Team Liquid,OpTic Gaming,LCS
0.24474844307770666,0.7552515569222933,FlyQuest,Cloud9,LCS
0.5162745341673661,0.48372546583263387,Golden Guardians,100 Thieves,LCS
0.7704319053099739,0.22956809469002615,Team SoloMid,Echo Fox,LCS
0.6588325589929357,0.3411674410070643,Counter Logic Gaming,Clutch Gaming,LCS
0.475758918479204,0.5242410815207961,Golden Guardians,OpTic Gaming,LCS
0.2660573076064336,0.7339426923935664,100 Thieves,Team SoloMid,LCS
0.38816344593636454,0.6118365540636355,Cloud9,Team Liquid,LCS
0.704081095301153,0.29591890469884696,Counter Logic Gaming,Echo Fox,LCS
0.44392686148617616,0.5560731385138238,Clutch Gaming,FlyQuest,LCS
0.607972268328361,0.39202773167163896,Counter Logic Gaming,OpTic Gaming,LCS
0.7095092128739714,0.2904907871260286,Cloud9,Golden Guardians,LCS
0.46525235244017427,0.5347476475598257,Clutch Gaming,100 Thieves,LCS
0.7084232029482912,0.2915767970517088,Team SoloMid,FlyQuest,LCS
0.8490256623244231,0.1509743376755769,Team Liquid,Echo Fox,LCS
0.7301236539546563,0.2698763460453437,Cloud9,OpTic Gaming,LCS
0.33756030809789567,0.6624396919021043,100 Thieves,Counter Logic Gaming,LCS
0.6218974725546649,0.3781025274453351,Team Liquid,Team SoloMid,LCS
0.45101607810312655,0.5489839218968735,Clutch Gaming,Golden Guardians,LCS
0.4232962183258725,0.5767037816741275,Echo Fox,FlyQuest,LCS
0.5094448957939455,0.4905551042060545,OpTic Gaming,100 Thieves,LCS
0.6395755695878579,0.3604244304121421,Cloud9,Counter Logic Gaming,LCS
0.5133094185460123,0.4866905814539877,OpTic Gaming,Golden Guardians,LCS
0.29938947449469594,0.7006105255053041,Clutch Gaming,Team SoloMid,LCS
0.3342810934620048,0.6657189065379951,Clutch Gaming,Team SoloMid,LCS
0.6307877702028093,0.3692122297971907,Team SoloMid,Clutch Gaming,LCS
0.34964225219042766,0.6503577478095723,Clutch Gaming,Team SoloMid,LCS
0.5817262662427973,0.41827373375720267,Counter Logic Gaming,OpTic Gaming,LCS
0.6049599264888331,0.3950400735111669,Counter Logic Gaming,OpTic Gaming,LCS
0.6264779046443902,0.37352209535560976,Counter Logic Gaming,OpTic Gaming,LCS
0.6271182403134123,0.37288175968658765,Cloud9,Counter Logic Gaming,LCS
0.35303318746764506,0.6469668125323549,Counter Logic Gaming,Cloud9,LCS
0.6122460646615681,0.38775393533843194,Cloud9,Counter Logic Gaming,LCS
0.7764687944720993,0.22353120552790073,Team Liquid,Clutch Gaming,LCS
0.21472507504819036,0.7852749249518096,Clutch Gaming,Team Liquid,LCS
0.7532198249449634,0.24678017505503658,Team Liquid,Clutch Gaming,LCS
0.2363704716338646,0.7636295283661354,Clutch Gaming,Team Liquid,LCS
0.7304388388403515,0.26956116115964845,Team Liquid,Clutch Gaming,LCS
0.41337234297179815,0.5866276570282019,Clutch Gaming,Counter Logic Gaming,LCS
0.4464646105994015,0.5535353894005985,Clutch Gaming,Counter Logic Gaming,LCS
0.5218633786155688,0.47813662138443125,Counter Logic Gaming,Clutch Gaming,LCS
0.5492409617558647,0.4507590382441353,Counter Logic Gaming,Clutch Gaming,LCS
0.5747836097621082,0.4252163902378918,Counter Logic Gaming,Clutch Gaming,LCS
0.5406179017718303,0.45938209822816967,Team Liquid,Cloud9,LCS
0.43324909087162966,0.5667509091283703,Cloud9,Team Liquid,LCS
0.4655278145329625,0.5344721854670376,Cloud9,Team Liquid,LCS
0.5037601978913004,0.49623980210869956,Team Liquid,Cloud9,LCS
0.5322811630844931,0.46771883691550686,Team Liquid,Cloud9,LCS
0.595251539604483,0.40474846039551704,Clutch Gaming,FlyQuest,LCS
0.3825083506567191,0.6174916493432809,FlyQuest,Clutch Gaming,LCS
0.5833965548361424,0.4166034451638576,Clutch Gaming,FlyQuest,LCS
0.6065083962614428,0.3934916037385572,Clutch Gaming,FlyQuest,LCS
0.4181110721043465,0.5818889278956535,Clutch Gaming,Counter Logic Gaming,LCS
0.45102067834191617,0.5489793216580838,Clutch Gaming,Counter Logic Gaming,LCS
0.5175279212739657,0.48247207872603426,Counter Logic Gaming,Clutch Gaming,LCS
0.45481517740385324,0.5451848225961468,Clutch Gaming,Counter Logic Gaming,LCS
0.5488837183610729,0.45111628163892714,Team SoloMid,Clutch Gaming,LCS
0.5744510333229026,0.4255489666770974,Team SoloMid,Clutch Gaming,LCS
0.40178788240826935,0.5982121175917307,Clutch Gaming,Team SoloMid,LCS
0.4352954498606328,0.5647045501393673,Clutch Gaming,Team SoloMid,LCS
0.4674835443849208,0.5325164556150792,Clutch Gaming,Team SoloMid,LCS
